FID,OBJECTID,CTID,URB_RURAL,URB_RURAL_,CTNAME,CTNAME_FR,SZDNEI,SCORENEI,R_NEI,Y_NEI,LG_NEI,G_NEI,RED_GREEN,GLOBALID,CREATED_DA,LAST_EDITE,LEGEND_EN,LEGEND_FR,NAME_EN,NAME_FR,DESCRIPTIO,DESCRIPT_1,SHAPE_Leng,SHAPE_Area,Shape__Area,Shape__Length
1,1,5050029,Urban,Urbain,Britannia Woods - Michele Heights,Britannia Woods - Michele Heights,0.517,48.3,14,5,4,5,Red,{4F001D54-3F52-44AF-8F34-F671E4ADE062}, ,2021/02/03 00:00:00+00,Strong equity concern,Grande préoccupation en matière d’équité,Neighbourhood Equity Index (NEI) 2019,Indice de l’équité des quartiers (IEQ) 2019, , ,8492.46609736314,2118376.07133476,2118376.0390625,8492.46609736054
2,2,5050030,Urban,Urbain,Britannia Village - Eva Taylor Court - Winthrop Court - Regina Towers,Britannia Village - Eva Taylor Court - Winthrop Court - Regina Towers,0.435,56.5,11,8,5,4,Red,{5661A542-C71B-4800-8736-767E0976E87E}, ,2021/02/03 00:00:00+00,Strong equity concern,Grande préoccupation en matière d’équité,Neighbourhood Equity Index (NEI) 2019,Indice de l’équité des quartiers (IEQ) 2019, , ,13081.8292499673,3840605.65112138,3840605.64453125,13081.8292499684
3,3,5050031,Urban,Urbain,Lincoln Heights - McEwen Towers,Lincoln Heights - McEwen Towers,0.324,67.6,6,10,6,6,Yellow,{430986DA-93E6-41A2-8742-1BD2EA0D5542}, ,2021/02/03 00:00:00+00,Possible equity concern,Préoccupation possible en matière d’équité,Neighbourhood Equity Index (NEI) 2019,Indice de l’équité des quartiers (IEQ) 2019, , ,7061.32559690143,2268751.09671871,2268751.09375,7061.32559690532
4,4,5050034,Urban,Urbain,Parkdale - Civic Hospital,Parkdale - Hôpital Civic,0.142,85.8,2,5,3,18,Green,{7395993D-D40F-4414-B76C-DCB24547AF68}, ,2021/02/03 00:00:00+00,No equity concern,Aucune préoccupation en matière d’équité,Neighbourhood Equity Index (NEI) 2019,Indice de l’équité des quartiers (IEQ) 2019, , ,7862.60992510207,2597667.15433002,2597667.15234375,7862.60992510338
5,5,5050035,Urban,Urbain,The Glebe Annex - Little Italy,The Glebe Annex - Petite Italie,0.331,66.9,10,8,3,7,Yellow,{8AC9E001-248B-48AF-9D6E-6B977B354B39}, ,2021/02/03 00:00:00+00,Possible equity concern,Préoccupation possible en matière d’équité,Neighbourhood Equity Index (NEI) 2019,Indice de l’équité des quartiers (IEQ) 2019, , ,5450.25046890088,1593906.99937753,1593907.0078125,5450.25046890348
6,6,5050036,Urban,Urbain,Glebe - Patterson Creek,Glebe - Patterson Creek,0.154,84.6,3,4,7,14,Green,{56C537A7-90F9-4A7E-9D97-824D4963A67A}, ,2021/02/03 00:00:00+00,No equity concern,Aucune préoccupation en matière d’équité,Neighbourhood Equity Index (NEI) 2019,Indice de l’équité des quartiers (IEQ) 2019, , ,6329.30305975076,1655060.30000103,1655060.29296875,6329.30305975267
7,7,5050037,Urban,Urbain,Centretown - Elgin St,Centre-ville - rue Elgin,0.331,66.9,9,4,3,12,Yellow,{301247B2-F4B7-42C9-8EAC-1E4A6F21528B}, ,2021/02/03 00:00:00+00,Possible equity concern,Préoccupation possible en matière d’équité,Neighbourhood Equity Index (NEI) 2019,Indice de l’équité des quartiers (IEQ) 2019, , ,4719.72293392662,1166789.48633257,1166789.49609375,4719.72293392741
8,8,5050038,Urban,Urbain,Centretown - Bank St,Centretown - rue Bank,0.342,65.8,9,5,4,10,Yellow,{348CD3AC-7D16-47EA-AEFF-A43686041C35}, ,2021/02/03 00:00:00+00,Possible equity concern,Préoccupation possible en matière d’équité,Neighbourhood Equity Index (NEI) 2019,Indice de l’équité des quartiers (IEQ) 2019, , ,4322.89782856816,878933.345509182,878933.3359375,4322.89782856652
9,9,5050039,Urban,Urbain,Centretown - Lyon St - McLeod St,Centre-ville - rue Lyon St - rue McLeod,0.325,67.5,9,4,7,7,Yellow,{6DA0FADE-A69A-4DF8-998E-5663E78F9F79}, ,2021/02/03 00:00:00+00,Possible equity concern,Préoccupation possible en matière d’équité,Neighbourhood Equity Index (NEI) 2019,Indice de l’équité des quartiers (IEQ) 2019, , ,3608.8588613743,816678.367196382,816678.375,3608.8588613757
10,10,5050040,Urban,Urbain,Centretown - Lyon St - MacLaren St,Centre-ville - rue Lyon - rue MacLaren,0.312,68.8,9,7,5,7,Yellow,{B2C49E80-B04B-4207-A3CC-B033CE67876C}, ,2021/02/03 00:00:00+00,Possible equity concern,Préoccupation possible en matière d’équité,Neighbourhood Equity Index (NEI) 2019,Indice de l’équité des quartiers (IEQ) 2019, , ,3537.12478372557,774436.268542183,774436.26953125,3537.12478372561
11,11,5050041,Urban,Urbain,Somerset - Chinatown,Somerset - Quartier chinois,0.396,60.4,11,7,2,8,Red,{97CE3FB0-D680-4589-9CA5-75807FAD0581}, ,2021/02/03 00:00:00+00,Strong equity concern,Grande préoccupation en matière d’équité,Neighbourhood Equity Index (NEI) 2019,Indice de l’équité des quartiers (IEQ) 2019, , ,5310.685574113,1157959.71419761,1157959.7265625,5310.68557411741
12,12,5050042,Urban,Urbain,Dalhousie - Rochester Heights,Dalhousie - Rochester Heights,0.47,53,18,1,2,7,Red,{B9F49F31-5CC6-4AD4-A869-BBE4E6F215CC}, ,2021/02/03 00:00:00+00,Strong equity concern,Grande préoccupation en matière d’équité,Neighbourhood Equity Index (NEI) 2019,Indice de l’équité des quartiers (IEQ) 2019, , ,5059.85790371961,1171597.79923119,1171597.77734375,5059.85790372277
13,13,5050043,Urban,Urbain,Hintonburg,Hintonburg,0.271,72.9,5,7,9,7,Light Green,{DD837576-636E-4DC3-8188-438425E09719}, ,2021/02/03 00:00:00+00,Nominal equity concern,Préoccupation minime en matière d’équité,Neighbourhood Equity Index (NEI) 2019,Indice de l’équité des quartiers (IEQ) 2019, , ,5767.89781461565,1481618.15666951,1481618.16015625,5767.89781461399
14,14,5050044,Urban,Urbain,Island Park - Fisher Park,Island Park - Fisher Park,0.141,85.9,2,4,4,17,Green,{CFDB43D7-8BC0-4B23-85BA-162C9A3C83E4}, ,2021/02/03 00:00:00+00,No equity concern,Aucune préoccupation en matière d’équité,Neighbourhood Equity Index (NEI) 2019,Indice de l’équité des quartiers (IEQ) 2019, , ,4724.69086890298,1376956.84649728,1376956.86328125,4724.69086890124
15,15,5050045,Urban,Urbain,Island Park - Tunney's Pasture - Van Lang,Island Park - Tunney's Pasture - Van Lang,0.213,78.7,3,5,7,13,Green,{093F7439-A9BB-4F6D-A719-EB8193A6E7E3}, ,2021/02/03 00:00:00+00,No equity concern,Aucune préoccupation en matière d’équité,Neighbourhood Equity Index (NEI) 2019,Indice de l’équité des quartiers (IEQ) 2019, , ,15615.1311803438,6754468.65328777,6754468.625,15615.1311803477
16,16,5050046,Urban,Urbain,Mechanicsville,Mechanicsville,0.355,64.5,9,5,7,7,Yellow,{7C48A893-6EC6-446A-95DD-2187EC4F5080}, ,2021/02/03 00:00:00+00,Possible equity concern,Préoccupation possible en matière d’équité,Neighbourhood Equity Index (NEI) 2019,Indice de l’équité des quartiers (IEQ) 2019, , ,10756.0805430785,1977514.55504325,1977514.5546875,10756.0805430832
17,17,5050047,Urban,Urbain,LeBreton Flats,Plaines LeBreton,0.184,81.6,2,2,6,15,Green,{DCF20E94-4EAC-4B58-ACDE-5BE360711B5B}, ,2021/02/03 00:00:00+00,No equity concern,Aucune préoccupation en matière d’équité,Neighbourhood Equity Index (NEI) 2019,Indice de l’équité des quartiers (IEQ) 2019, , ,10630.0360166872,1802377.54665276,1802377.55859375,10630.0360166898
18,18,5050048,Urban,Urbain,Centretown - Downtown,Centre-ville - Hypercentre,0.265,73.5,7,2,5,14,Green,{CDE884D2-BD58-4CD3-9C84-4D7E134B40CE}, ,2021/02/03 00:00:00+00,No equity concern,Aucune préoccupation en matière d’équité,Neighbourhood Equity Index (NEI) 2019,Indice de l’équité des quartiers (IEQ) 2019, , ,9723.24729864355,2629222.42788883,2629222.38671875,9723.24729864842
19,19,5050049,Urban,Urbain,Centretown - Golden Triangle,Centre-ville - Triangle d’or,0.285,71.5,7,5,6,10,Light Green,{0F2D6C7A-C982-4C4C-9EE5-6C9737B2077D}, ,2021/02/03 00:00:00+00,Nominal equity concern,Préoccupation minime en matière d’équité,Neighbourhood Equity Index (NEI) 2019,Indice de l’équité des quartiers (IEQ) 2019, , ,3424.81127233868,659506.967109137,659506.96875,3424.81127234207
20,20,5050050,Urban,Urbain,University of Ottawa,Université d’Ottawa,0.413,58.7,13,2,0,10,Red,{18E0CB5C-08F0-4E84-9532-232D1F3BD358}, ,2021/02/03 00:00:00+00,Strong equity concern,Grande préoccupation en matière d’équité,Neighbourhood Equity Index (NEI) 2019,Indice de l’équité des quartiers (IEQ) 2019, , ,4566.99381390511,919845.86107056,919845.8515625,4566.99381390463
21,21,5050051,Urban,Urbain,Sandy Hill - King Edward Ave,Côte-de-Sable - avenue King Edward,0.4,60,13,3,1,11,Red,{E696092A-F38B-40CA-96F0-C19B231D2E84}, ,2021/02/03 00:00:00+00,Strong equity concern,Grande préoccupation en matière d’équité,Neighbourhood Equity Index (NEI) 2019,Indice de l’équité des quartiers (IEQ) 2019, , ,5093.54680488121,1208581.18415527,1208581.19140625,5093.54680488075
22,22,5050052,Urban,Urbain,Sandy Hill - Riverfront - Cummings Bridge,Côte-de-Sable - Riverfront - pont Cummings,0.345,65.5,11,3,6,8,Yellow,{C18DCF89-9469-4F49-9B21-1AD805AB3CD3}, ,2021/02/03 00:00:00+00,Possible equity concern,Préoccupation possible en matière d’équité,Neighbourhood Equity Index (NEI) 2019,Indice de l’équité des quartiers (IEQ) 2019, , ,6758.95966538098,1532323.54389439,1532323.5546875,6758.95966538141
23,23,5050171.09,Suburban,Suburbain,Avalon,Avalon,0.317,68.3,6,7,7,6,Yellow,{F25D0381-2F40-49B1-A1C9-83DAF529D168}, ,2021/02/03 00:00:00+00,Possible equity concern,Préoccupation possible en matière d’équité,Neighbourhood Equity Index (NEI) 2019,Indice de l’équité des quartiers (IEQ) 2019, , ,16938.5613591883,14204544.3218027,14204544.3671875,16938.5613591896
24,24,5050053,Urban,Urbain,Lowertown - Rideau St,Basse-ville - rue Rideau,0.463,53.7,15,2,3,8,Red,{B8D31335-01D2-413D-838C-C29C04D3C6F0}, ,2021/02/03 00:00:00+00,Strong equity concern,Grande préoccupation en matière d’équité,Neighbourhood Equity Index (NEI) 2019,Indice de l’équité des quartiers (IEQ) 2019, , ,4739.2997661455,830420.176396294,830420.1875,4739.29976614625
25,25,5050054,Urban,Urbain,Byward Market,Marché By,0.408,59.2,11,6,3,8,Red,{F3A89A8C-4A0C-4389-B03F-4CFC0341166D}, ,2021/02/03 00:00:00+00,Strong equity concern,Grande préoccupation en matière d’équité,Neighbourhood Equity Index (NEI) 2019,Indice de l’équité des quartiers (IEQ) 2019, , ,5117.83496292532,1154270.3579974,1154270.35546875,5117.83496291863
26,26,5050055,Urban,Urbain,Sussex Dr - Bingham Park,Promenade Sussex - parc Bingham,0.355,64.5,7,4,8,9,Yellow,{E29A66D8-55C7-4E24-A76C-C4CD41F96754}, ,2021/02/03 00:00:00+00,Possible equity concern,Préoccupation possible en matière d’équité,Neighbourhood Equity Index (NEI) 2019,Indice de l’équité des quartiers (IEQ) 2019, , ,5247.0275052884,1219206.86446688,1219206.87890625,5247.02750528599
27,27,5050056,Urban,Urbain,Lowertown - Beausoleil Dr,Basse-ville - promenade Beausoleil,0.444,55.6,16,1,5,6,Red,{DD15B253-4D83-4335-9E69-91810C3FE11F}, ,2021/02/03 00:00:00+00,Strong equity concern,Grande préoccupation en matière d’équité,Neighbourhood Equity Index (NEI) 2019,Indice de l’équité des quartiers (IEQ) 2019, , ,5445.63479186471,1206213.42124867,1206213.40625,5445.63479186578
28,28,5050057,Urban,Urbain,Lindenlea,Lindenlea,0.287,71.3,5,3,7,13,Light Green,{442004B7-2C35-43AC-9BF7-7EED01FD5565}, ,2021/02/03 00:00:00+00,Nominal equity concern,Préoccupation minime en matière d’équité,Neighbourhood Equity Index (NEI) 2019,Indice de l’équité des quartiers (IEQ) 2019, , ,4394.94866708958,634393.67458342,634393.671875,4394.94866709275
29,29,5050058,Urban,Urbain,New Edinburgh - Rideau Hall,New Edinburgh - Rideau Hall,0.263,73.7,2,7,8,11,Green,{69361602-876F-4B58-924D-4BF3F3954A4D}, ,2021/02/03 00:00:00+00,No equity concern,Aucune préoccupation en matière d’équité,Neighbourhood Equity Index (NEI) 2019,Indice de l’équité des quartiers (IEQ) 2019, , ,8218.49113920084,2501733.76166641,2501733.76171875,8218.49113920409
30,30,5050059,Urban,Urbain,Rockcliffe - Manor Park,Rockcliffe - Manor Park,0.351,64.9,6,8,11,3,Yellow,{5080FF9E-35D8-4603-ABB0-42D44E73E252}, ,2021/02/03 00:00:00+00,Possible equity concern,Préoccupation possible en matière d’équité,Neighbourhood Equity Index (NEI) 2019,Indice de l’équité des quartiers (IEQ) 2019, , ,18124.2528106539,3221721.09030983,3221721.125,18124.2528106518
31,31,5050060,Urban,Urbain,Brittany - Beechwood,Brittany - Beechwood,0.453,54.7,12,8,4,4,Red,{4F8D36E8-7E2B-4679-87C2-CD66DFD17938}, ,2021/02/03 00:00:00+00,Strong equity concern,Grande préoccupation en matière d’équité,Neighbourhood Equity Index (NEI) 2019,Indice de l’équité des quartiers (IEQ) 2019, , ,8391.23208768453,2720614.17725649,2720614.16015625,8391.23208767882
32,32,5050061,Urban,Urbain,Forbes,Forbes,0.434,56.6,14,6,5,3,Red,{530FC398-B79B-4FD3-8F1A-C499F2535998}, ,2021/02/03 00:00:00+00,Strong equity concern,Grande préoccupation en matière d’équité,Neighbourhood Equity Index (NEI) 2019,Indice de l’équité des quartiers (IEQ) 2019, , ,6971.99983164896,2781224.79883293,2781224.81640625,6971.99983164837
33,33,5050003,Urban,Urbain,Riverside Park,Riverside Park,0.334,66.6,3,10,8,7,Yellow,{1E1B0F75-E489-464A-BE5E-922ADDC75808}, ,2021/02/03 00:00:00+00,Possible equity concern,Préoccupation possible en matière d’équité,Neighbourhood Equity Index (NEI) 2019,Indice de l’équité des quartiers (IEQ) 2019, , ,11687.16069782,6923915.82312268,6923915.8359375,11687.160697822
34,34,5050004,Urban,Urbain,Clementine,Clementine,0.405,59.5,11,7,1,9,Red,{9A2654E0-332A-41D7-A165-479854C84E13}, ,2021/02/03 00:00:00+00,Strong equity concern,Grande préoccupation en matière d’équité,Neighbourhood Equity Index (NEI) 2019,Indice de l’équité des quartiers (IEQ) 2019, , ,9349.19132089152,3947821.09444089,3947821.09765625,9349.19132088969
35,35,5050005,Urban,Urbain,Billings Bridge,Billings Bridge,0.349,65.1,5,9,8,6,Yellow,{48F09655-BB86-4267-A4FE-352A52BCA004}, ,2021/02/03 00:00:00+00,Possible equity concern,Préoccupation possible en matière d’équité,Neighbourhood Equity Index (NEI) 2019,Indice de l’équité des quartiers (IEQ) 2019, , ,10768.3974579393,4575582.92825042,4575582.9453125,10768.3974579382
36,36,5050006,Urban,Urbain,Alta Vista,Alta Vista,0.186,81.4,4,7,4,13,Green,{BA135DD8-E5B6-4F2C-91AF-68260C25BF07}, ,2021/02/03 00:00:00+00,No equity concern,Aucune préoccupation en matière d’équité,Neighbourhood Equity Index (NEI) 2019,Indice de l’équité des quartiers (IEQ) 2019, , ,12270.1373526513,5216170.5103573,5216170.515625,12270.1373526525
37,37,5050008,Urban,Urbain,Canterbury,Canterbury,0.319,68.1,2,16,6,4,Yellow,{1A29784E-7DD4-4AC1-A8BF-4B08241F2049}, ,2021/02/03 00:00:00+00,Possible equity concern,Préoccupation possible en matière d’équité,Neighbourhood Equity Index (NEI) 2019,Indice de l’équité des quartiers (IEQ) 2019, , ,7279.29840793188,3151363.20962396,3151363.22265625,7279.29840792967
38,38,5050009,Urban,Urbain,Elmvale,Elmvale,0.252,74.8,0,10,14,4,Green,{8F2B3ACF-588B-4E52-A5DB-D48687F4965D}, ,2021/02/03 00:00:00+00,No equity concern,Aucune préoccupation en matière d’équité,Neighbourhood Equity Index (NEI) 2019,Indice de l’équité des quartiers (IEQ) 2019, , ,6316.56460872682,2087050.18016102,2087050.15625,6316.5646087273
39,39,5050010,Urban,Urbain,Hawthorne Meadows - Confederation Court,Hawthorne Meadows - Confederation Court,0.518,48.2,16,2,6,4,Red,{4DB1F797-D85B-4BE9-9356-5535C1C2C287}, ,2021/02/03 00:00:00+00,Strong equity concern,Grande préoccupation en matière d’équité,Neighbourhood Equity Index (NEI) 2019,Indice de l’équité des quartiers (IEQ) 2019, , ,5458.96326839299,1268470.10296365,1268470.14453125,5458.96326839526
40,40,5050012,Urban,Urbain,Overbrook - The Four Corners - Queen Mary Court,Overbrook - The Four Corners - rue Queen Mary,0.523,47.7,17,1,3,7,Red,{FBCB6895-A875-437C-9929-FE86D1599DB9}, ,2021/02/03 00:00:00+00,Strong equity concern,Grande préoccupation en matière d’équité,Neighbourhood Equity Index (NEI) 2019,Indice de l’équité des quartiers (IEQ) 2019, , ,7570.30605607858,3091212.88805719,3091212.86328125,7570.30605607428
41,41,5050013,Urban,Urbain,Overbrook - Donald Court,Overbrook - rue Donald,0.437,56.3,14,5,4,5,Red,{47A83C78-41D8-4308-BEEE-BD5C82479279}, ,2021/02/03 00:00:00+00,Strong equity concern,Grande préoccupation en matière d’équité,Neighbourhood Equity Index (NEI) 2019,Indice de l’équité des quartiers (IEQ) 2019, , ,7277.72754660109,3266774.55118426,3266774.55859375,7277.72754660065
42,42,5050014,Urban,Urbain,Sandy Hill - Strathcona Heights,Côte-de-Sable - Strathcona Heights,0.626,37.4,14,1,4,8,Red,{D99F6F9B-18EF-4107-AE40-15BADCDF1902}, ,2021/02/03 00:00:00+00,Strong equity concern,Grande préoccupation en matière d’équité,Neighbourhood Equity Index (NEI) 2019,Indice de l’équité des quartiers (IEQ) 2019, , ,4239.38749812475,867582.348747949,867582.34375,4239.38749812247
43,43,5050015,Urban,Urbain,Old Ottawa East - St Paul University,Vieil Ottawa-Est - Université St-Paul,0.315,68.5,8,7,2,11,Yellow,{9CBA2402-A753-4097-8CC4-722B06D47630}, ,2021/02/03 00:00:00+00,Possible equity concern,Préoccupation possible en matière d’équité,Neighbourhood Equity Index (NEI) 2019,Indice de l’équité des quartiers (IEQ) 2019, , ,7771.48169928806,2437829.18328046,2437829.20703125,7771.48169928543
44,44,5050016,Urban,Urbain,Rideau Gardens,Rideau Gardens,0.186,81.4,4,3,8,13,Green,{B69A254A-AFD5-48FC-94D1-4B134F95487C}, ,2021/02/03 00:00:00+00,No equity concern,Aucune préoccupation en matière d’équité,Neighbourhood Equity Index (NEI) 2019,Indice de l’équité des quartiers (IEQ) 2019, , ,7549.99456970004,2572409.8618947,2572409.8828125,7549.99456969948
45,45,5050017,Urban,Urbain,Old Ottawa South - Brewer Park,Vieil Ottawa-Sud - parc Brewer,0.191,80.9,3,5,6,14,Green,{1D6B78D4-F556-4DBC-8DB0-2A83623C94C8}, ,2021/02/03 00:00:00+00,No equity concern,Aucune préoccupation en matière d’équité,Neighbourhood Equity Index (NEI) 2019,Indice de l’équité des quartiers (IEQ) 2019, , ,6586.87609419536,2117929.9173001,2117929.89453125,6586.87609419728
46,46,5050018,Urban,Urbain,Glebe - Lansdowne,Glebe - Lansdowne,0.228,77.2,5,6,4,13,Green,{56269F2E-0B3B-4A08-B64B-68E0AFC0E270}, ,2021/02/03 00:00:00+00,No equity concern,Aucune préoccupation en matière d’équité,Neighbourhood Equity Index (NEI) 2019,Indice de l’équité des quartiers (IEQ) 2019, , ,5421.00072547479,1593412.19015289,1593412.1875,5421.0007254703
47,47,5050019,Urban,Urbain,Glebe South - Dows Lake,Glebe-Sud - Lac Dow,0.225,77.5,4,4,9,11,Green,{D548CC66-E170-42B4-B1C5-8E0247733C53}, ,2021/02/03 00:00:00+00,No equity concern,Aucune préoccupation en matière d’équité,Neighbourhood Equity Index (NEI) 2019,Indice de l’équité des quartiers (IEQ) 2019, , ,7426.57289193098,2555674.36124212,2555674.3671875,7426.57289192917
48,48,5050021,Urban,Urbain,Carlington - Alexander,Carlington - Alexander,0.361,63.9,13,6,4,5,Red,{27D6EAEE-FCA6-4C9B-AF76-1B3495C9193B}, ,2021/02/03 00:00:00+00,Strong equity concern,Grande préoccupation en matière d’équité,Neighbourhood Equity Index (NEI) 2019,Indice de l’équité des quartiers (IEQ) 2019, , ,9200.88724862792,4336269.65229303,4336269.6484375,9200.88724862633
49,49,5050022,Urban,Urbain,Carlington - Belleview - Lepage - Caldwell,Carlington - Belleview - Lepage - Caldwell,0.516,48.4,18,1,4,5,Red,{F2CB2DC6-7B06-4D36-B91D-C5368137FF79}, ,2021/02/03 00:00:00+00,Strong equity concern,Grande préoccupation en matière d’équité,Neighbourhood Equity Index (NEI) 2019,Indice de l’équité des quartiers (IEQ) 2019, , ,8791.21821529836,3570499.55619999,3570499.5546875,8791.21821529755
50,50,5050171.1,Suburban,Suburbain,Notting Gate South - Summerside,Notting Gate-Sud - Summerside,0.3,70,6,5,8,7,Light Green,{27E066F8-575E-4529-8014-B62A6D73605D}, ,2021/02/03 00:00:00+00,Nominal equity concern,Préoccupation minime en matière d’équité,Neighbourhood Equity Index (NEI) 2019,Indice de l’équité des quartiers (IEQ) 2019, , ,15259.7535854675,8627216.6418938,8627216.6484375,15259.753585472
51,51,5050024,Urban,Urbain,Bel Air Park - Copeland Park,Bel Air Park - Copeland Park,0.273,72.7,2,11,8,7,Light Green,{00C4FC9A-E223-44DF-9BE1-BB4919D0961A}, ,2021/02/03 00:00:00+00,Nominal equity concern,Préoccupation minime en matière d’équité,Neighbourhood Equity Index (NEI) 2019,Indice de l’équité des quartiers (IEQ) 2019, , ,8449.40824350552,2777626.17510576,2777626.19921875,8449.40824350711
52,52,5050025,Urban,Urbain,Whitehaven - Glabar Park,Whitehaven - Glabar Park,0.258,74.2,3,9,9,7,Green,{063C5C57-33BF-4202-825E-8B61E293D3DE}, ,2021/02/03 00:00:00+00,No equity concern,Aucune préoccupation en matière d’équité,Neighbourhood Equity Index (NEI) 2019,Indice de l’équité des quartiers (IEQ) 2019, , ,13013.9988644589,5027546.38219456,5027546.3671875,13013.9988644579
53,53,5050026,Urban,Urbain,Pinecrest Terrace - Iris - Ridgeview,Pinecrest Terrace - Iris - Ridgeview,0.325,67.5,5,8,10,5,Yellow,{9193F3AC-3BB2-47EC-8FFB-B5D1D1B8D586}, ,2021/02/03 00:00:00+00,Possible equity concern,Préoccupation possible en matière d’équité,Neighbourhood Equity Index (NEI) 2019,Indice de l’équité des quartiers (IEQ) 2019, , ,9796.14260195512,4494945.24731219,4494945.234375,9796.14260195224
54,54,5050027,Urban,Urbain,Redwood - Morrison Gardens,Redwood - Morrison Gardens,0.379,62.1,11,5,7,5,Red,{26A5D0A5-D340-4CFE-8839-E3B295D74D5A}, ,2021/02/03 00:00:00+00,Strong equity concern,Grande préoccupation en matière d’équité,Neighbourhood Equity Index (NEI) 2019,Indice de l’équité des quartiers (IEQ) 2019, , ,5210.42350441745,1513978.54776933,1513978.54296875,5210.42350441566
55,55,5050028,Urban,Urbain,Queensway Terrace North - Foster Farm - Bruce Farm,Queensway Terrace-Nord - Foster Farm - Bruce Farm,0.365,63.5,9,8,7,4,Red,{C611AA80-BD8F-4E35-90A8-64A013DD76ED}, ,2021/02/03 00:00:00+00,Strong equity concern,Grande préoccupation en matière d’équité,Neighbourhood Equity Index (NEI) 2019,Indice de l’équité des quartiers (IEQ) 2019, , ,9235.70495318715,3988237.76177794,3988237.77734375,9235.70495318634
56,56,5050100,Urban,Urbain,Vanier - McArthur Ave,Vanier - avenue McArthur,0.539,46.1,18,1,3,5,Red,{6244B08A-CFB0-427C-A7FD-E43E043F535D}, ,2021/02/03 00:00:00+00,Strong equity concern,Grande préoccupation en matière d’équité,Neighbourhood Equity Index (NEI) 2019,Indice de l’équité des quartiers (IEQ) 2019, , ,4655.1619439599,1019193.56150971,1019193.5390625,4655.16194396034
57,57,5050101,Urban,Urbain,Vanier - Parkway-Kingsview Park,Vanier - Parkway-Kingsview Park,0.445,55.5,14,6,2,6,Red,{61B09DFE-85E2-4132-B87B-EEB127B6B126}, ,2021/02/03 00:00:00+00,Strong equity concern,Grande préoccupation en matière d’équité,Neighbourhood Equity Index (NEI) 2019,Indice de l’équité des quartiers (IEQ) 2019, , ,6305.67547679866,1711678.60754296,1711678.6171875,6305.67547679609
58,58,5050102,Urban,Urbain,Vanier - Montreal Rd,Vanier - chemin de Montréal,0.473,52.7,18,1,5,4,Red,{5B34DA89-D893-4E16-82F6-30FD821C07C6}, ,2021/02/03 00:00:00+00,Strong equity concern,Grande préoccupation en matière d’équité,Neighbourhood Equity Index (NEI) 2019,Indice de l’équité des quartiers (IEQ) 2019, , ,5228.55877129784,875565.397912959,875565.40234375,5228.55877129989
59,59,5050103,Urban,Urbain,Vanier - Richelieu Park,Vanier - parc Richelieu,0.433,56.7,12,8,4,4,Red,{9828FD1B-430A-4630-BD66-353F34AB31A7}, ,2021/02/03 00:00:00+00,Strong equity concern,Grande préoccupation en matière d’équité,Neighbourhood Equity Index (NEI) 2019,Indice de l’équité des quartiers (IEQ) 2019, , ,5889.98490235398,1706122.78272824,1706122.7890625,5889.98490235041
60,60,5050104,Urban,Urbain,Vanier - Landry St,Vanier - rue Landry,0.374,62.6,12,7,3,6,Red,{EE7BE1C9-5486-40C9-A6AE-32F7D1929E1C}, ,2021/02/03 00:00:00+00,Strong equity concern,Grande préoccupation en matière d’équité,Neighbourhood Equity Index (NEI) 2019,Indice de l’équité des quartiers (IEQ) 2019, , ,3748.44022118916,795474.375362493,795474.3671875,3748.44022118653
61,61,5050110,Urban,Urbain,Rockcliffe Park,Rockcliffe Park,0.241,75.9,5,5,6,12,Green,{505DC097-158A-469D-B632-F0250B555A25}, ,2021/02/03 00:00:00+00,No equity concern,Aucune préoccupation en matière d’équité,Neighbourhood Equity Index (NEI) 2019,Indice de l’équité des quartiers (IEQ) 2019, , ,11116.804114635,3778008.88044213,3778008.88671875,11116.8041146324
62,62,5050132,Urban,Urbain,Skyline - Fisher Heights,Skyline - Fisher Heights,0.388,61.2,9,8,7,4,Red,{FDE974EF-02F5-441C-B7A0-45B01FFFFD51}, ,2021/02/03 00:00:00+00,Strong equity concern,Grande préoccupation en matière d’équité,Neighbourhood Equity Index (NEI) 2019,Indice de l’équité des quartiers (IEQ) 2019, , ,9363.81256862176,3951357.85807287,3951357.86328125,9363.8125686216
63,63,5050133,Urban,Urbain,City View - Algonquin College,City View - Collège Algonquin,0.329,67.1,7,6,7,8,Yellow,{EF81E622-0B9A-4A48-ADDD-13C2579FB091}, ,2021/02/03 00:00:00+00,Possible equity concern,Préoccupation possible en matière d’équité,Neighbourhood Equity Index (NEI) 2019,Indice de l’équité des quartiers (IEQ) 2019, , ,9279.77691246871,4861910.19571208,4861910.19140625,9279.77691246765
64,64,5050134,Urban,Urbain,Meadowlands,Meadowlands,0.304,69.6,4,9,10,5,Light Green,{0F7A9E69-379D-4533-A626-C0D915260CF4}, ,2021/02/03 00:00:00+00,Nominal equity concern,Préoccupation minime en matière d’équité,Neighbourhood Equity Index (NEI) 2019,Indice de l’équité des quartiers (IEQ) 2019, , ,8806.40433582384,4153201.16176732,4153201.1484375,8806.40433582303
65,65,5050138,Urban,Urbain,Bayshore,Bayshore,0.485,51.5,11,9,6,2,Red,{BA487A03-DA56-4A1E-99A9-44BB07BE0077}, ,2021/02/03 00:00:00+00,Strong equity concern,Grande préoccupation en matière d’équité,Neighbourhood Equity Index (NEI) 2019,Indice de l’équité des quartiers (IEQ) 2019, , ,7681.04337851273,2531669.53900945,2531669.515625,7681.04337851519
66,66,5050139,Urban,Urbain,Crystal Bay - Lakeview Park,Crystal Bay - Lakeview Park,0.261,73.9,3,8,7,10,Green,{814ED944-808C-4C73-B26B-972B7B0F68A1}, ,2021/02/03 00:00:00+00,No equity concern,Aucune préoccupation en matière d’équité,Neighbourhood Equity Index (NEI) 2019,Indice de l’équité des quartiers (IEQ) 2019, , ,52159.3002045236,12299658.5175256,12299658.546875,52159.3002045098
67,67,5050141.05,Suburban,Suburbain,Old Barrhaven East - Longfields,Old Barrhaven-Est - Longfields,0.302,69.8,3,10,9,5,Light Green,{0F0A64AB-E1A9-4B53-A7FF-31692F1FA262}, ,2021/02/03 00:00:00+00,Nominal equity concern,Préoccupation minime en matière d’équité,Neighbourhood Equity Index (NEI) 2019,Indice de l’équité des quartiers (IEQ) 2019, , ,11459.6977550471,5305954.96551622,5305954.96484375,11459.6977550436
68,68,5050141.08,Suburban,Suburbain,Barrhaven - Rideaucrest,Barrhaven - Rideaucrest,0.258,74.2,4,6,8,10,Green,{12D57CDF-F57E-41A2-8E2F-42F7D2465657}, ,2021/02/03 00:00:00+00,No equity concern,Aucune préoccupation en matière d’équité,Neighbourhood Equity Index (NEI) 2019,Indice de l’équité des quartiers (IEQ) 2019, , ,20467.5263343156,17623618.9702278,17623619,20467.5263343059
69,69,5050141.09,Suburban,Suburbain,Barrhaven - Rideaucrest South,Barrhaven - Rideaucrest-Sud,0.276,72.4,5,7,8,8,Light Green,{B79840B8-97F6-4E80-94DE-5417D6ECFE2D}, ,2021/02/03 00:00:00+00,Nominal equity concern,Préoccupation minime en matière d’équité,Neighbourhood Equity Index (NEI) 2019,Indice de l’équité des quartiers (IEQ) 2019, , ,10112.7556627821,3854209.67104151,3854209.671875,10112.7556627834
70,70,5050011.03,Urban,Urbain,Rideau River Park - Riviera,Rideau River Park - Riviera,0.398,60.2,13,1,1,13,Red,{3B47691B-746D-45B1-AB42-0A16819FEA1D}, ,2021/02/03 00:00:00+00,Strong equity concern,Grande préoccupation en matière d’équité,Neighbourhood Equity Index (NEI) 2019,Indice de l’équité des quartiers (IEQ) 2019, , ,8149.575543008,2800712.20011338,2800712.17578125,8149.57554300704
71,71,5050011.04,Urban,Urbain,Riverview - Blair,Riverview - Blair,0.335,66.5,6,8,3,11,Yellow,{1E8659A1-0003-43F1-A5A9-ACF31703BBF1}, ,2021/02/03 00:00:00+00,Possible equity concern,Préoccupation possible en matière d’équité,Neighbourhood Equity Index (NEI) 2019,Indice de l’équité des quartiers (IEQ) 2019, , ,8276.21939002788,4119833.02185064,4119833.01171875,8276.21939002857
72,72,5050023.02,Urban,Urbain,Central Park,Central Park,0.25,75,2,9,10,7,Green,{99448634-317E-42ED-BA3F-DCB10D1C566B}, ,2021/02/03 00:00:00+00,No equity concern,Aucune préoccupation en matière d’équité,Neighbourhood Equity Index (NEI) 2019,Indice de l’équité des quartiers (IEQ) 2019, , ,5649.07701717015,1845832.97760238,1845832.9765625,5649.07701716843
73,73,5050141.04,Suburban,Suburbain,Barrhaven - Stonebridge,Barrhaven - Stonebridge,0.216,78.4,3,6,5,14,Green,{E2323D2A-64C3-4C56-86A4-90D94990778E}, ,2021/02/03 00:00:00+00,No equity concern,Aucune préoccupation en matière d’équité,Neighbourhood Equity Index (NEI) 2019,Indice de l’équité des quartiers (IEQ) 2019, , ,11341.1407179518,5733136.62844947,5733136.62890625,11341.1407179532
74,74,5050126.03,Rural,Secteur rural,Findlay Creek - Leitrim,Findlay Creek - Leitrim,0.323,67.7,9,6,8,4,Yellow,{EBB21EA3-4DFC-44A1-AA32-D26FCB8BF5B5}, ,2021/02/03 00:00:00+00,Possible equity concern,Préoccupation possible en matière d’équité,Neighbourhood Equity Index (NEI) 2019,Indice de l’équité des quartiers (IEQ) 2019, , ,28775.3419321432,35087119.0693001,35087119.0585938,28775.3419321455
75,75,5050126.04,Rural-Greenbelt,Secteur rural – Ceinture de verdure,Hawthorne - Carlsbad Springs,Hawthorne - Carlsbad Springs,0.325,67.5,8,3,8,9,Yellow,{0A423A8A-2239-4E76-B776-60519C434313}, ,2021/02/03 00:00:00+00,Possible equity concern,Préoccupation possible en matière d’équité,Neighbourhood Equity Index (NEI) 2019,Indice de l’équité des quartiers (IEQ) 2019, , ,100210.482899497,276091972.839916,276091972.816406,100210.482899505
76,76,5050171.05,Suburban,Suburbain,Cardinal Creek - Springridge,Cardinal Creek - Springridge,0.268,73.2,5,5,8,9,Green,{4AF3CDE6-2F57-46AD-98ED-EB83916409A8}, ,2021/02/03 00:00:00+00,No equity concern,Aucune préoccupation en matière d’équité,Neighbourhood Equity Index (NEI) 2019,Indice de l’équité des quartiers (IEQ) 2019, , ,62403.8158130819,8038402.00454979,8038401.86328125,62403.8158130744
77,77,5050171.06,Rural,Secteur rural,Cumberland - Sarsfield,Cumberland - Sarsfield,0.33,67,8,3,9,8,Yellow,{13D0F915-367A-49BA-B452-40ABEB4CE38A}, ,2021/02/03 00:00:00+00,Possible equity concern,Préoccupation possible en matière d’équité,Neighbourhood Equity Index (NEI) 2019,Indice de l’équité des quartiers (IEQ) 2019, , ,117438.552356086,271991433.963979,271991434.042969,117438.552356092
78,78,5050001.08,Urban,Urbain,Hunt Club Park - East Industrial,Hunt Club Park - Industrial-Est,0.378,62.2,8,11,6,3,Red,{D2498FF0-B000-4F72-90F8-03094B55329E}, ,2021/02/03 00:00:00+00,Strong equity concern,Grande préoccupation en matière d’équité,Neighbourhood Equity Index (NEI) 2019,Indice de l’équité des quartiers (IEQ) 2019, , ,15720.6157912455,9338680.37791658,9338680.37109375,15720.6157912443
79,79,5050171.03,Rural,Secteur rural,Navan - Vars,Navan - Vars,0.304,69.6,6,6,9,7,Light Green,{85132EF7-ECC9-4AB7-8839-DC1CD6C600CB}, ,2021/02/03 00:00:00+00,Nominal equity concern,Préoccupation minime en matière d’équité,Neighbourhood Equity Index (NEI) 2019,Indice de l’équité des quartiers (IEQ) 2019, , ,76595.8385190968,312551609.959314,312551609.945313,76595.8385190967
80,80,5050001.07,Urban,Urbain,Greenboro - Hunt Club Park,Greenboro - Hunt Club Park,0.378,62.2,7,10,6,4,Red,{44F7B580-332E-489F-AD04-393BA9A3FD28}, ,2021/02/03 00:00:00+00,Strong equity concern,Grande préoccupation en matière d’équité,Neighbourhood Equity Index (NEI) 2019,Indice de l’équité des quartiers (IEQ) 2019, , ,6710.39557055971,1973820.71805511,1973820.71484375,6710.39557055977
81,81,5050023.01,Urban,Urbain,Bel Air Heights,Bel Air Heights,0.326,67.4,6,10,8,4,Yellow,{FF98536A-F7FB-439E-BDF3-EF8B6BDDFE92}, ,2021/02/03 00:00:00+00,Possible equity concern,Préoccupation possible en matière d’équité,Neighbourhood Equity Index (NEI) 2019,Indice de l’équité des quartiers (IEQ) 2019, , ,7960.28787352568,2603807.36058492,2603807.35546875,7960.28787352456
82,82,5050135.02,Urban,Urbain,Arlington Woods - Sheahan Estates,Arlington Woods - Sheahan Estates,0.286,71.4,1,13,9,5,Light Green,{D4A286B7-382D-4BB7-A66D-1DB71E997990}, ,2021/02/03 00:00:00+00,Nominal equity concern,Préoccupation minime en matière d’équité,Neighbourhood Equity Index (NEI) 2019,Indice de l’équité des quartiers (IEQ) 2019, , ,11345.6184858455,7597578.49935101,7597578.5078125,11345.6184858479
83,83,5050191.02,Rural,Secteur rural,Osgoode,Osgoode,0.303,69.7,8,4,4,11,Light Green,{B0B2F1D4-05F6-45F8-96AE-AE47FF511DC6}, ,2021/02/03 00:00:00+00,Nominal equity concern,Préoccupation minime en matière d’équité,Neighbourhood Equity Index (NEI) 2019,Indice de l’équité des quartiers (IEQ) 2019, , ,61515.778115934,207600147.783195,207600147.816406,61515.778115933
84,84,5050141.1,Suburban,Suburbain,Old Barrhaven East - Stinson Park,Old Barrhaven-Est - parc Stinson,0.262,73.8,4,8,9,6,Green,{77945BA9-A05F-439A-8D59-5E8F00320256}, ,2021/02/03 00:00:00+00,No equity concern,Aucune préoccupation en matière d’équité,Neighbourhood Equity Index (NEI) 2019,Indice de l’équité des quartiers (IEQ) 2019, , ,7107.193158284,2101779.60295284,2101779.6171875,7107.19315828671
85,85,5050141.11,Suburban,Suburbain,Old Barrhaven East - Rodeo Dr,Old Barrhaven-Est - promenade Rodeo,0.312,68.8,5,8,11,4,Yellow,{95D52F0B-F40D-4E0C-B54E-A41BF716805C}, ,2021/02/03 00:00:00+00,Possible equity concern,Préoccupation possible en matière d’équité,Neighbourhood Equity Index (NEI) 2019,Indice de l’équité des quartiers (IEQ) 2019, , ,6861.00977675839,1904752.49808838,1904752.484375,6861.00977675914
86,86,5050170.12,Suburban,Suburbain,Fallingbrook - Pineridge,Fallingbrook - Pineridge,0.276,72.4,3,10,5,10,Light Green,{5B718B93-9643-4386-A0F4-094AFB6DE88D}, ,2021/02/03 00:00:00+00,Nominal equity concern,Préoccupation minime en matière d’équité,Neighbourhood Equity Index (NEI) 2019,Indice de l’équité des quartiers (IEQ) 2019, , ,7256.70134851584,2201661.55354082,2201661.57421875,7256.70134852008
87,87,5050170.13,Suburban,Suburbain,Fallingbrook - Gardenway East,Fallingbrook - Gardenway-Est,0.271,72.9,3,9,8,7,Light Green,{C4EA21C7-114F-4117-A51D-0D14AF006004}, ,2021/02/03 00:00:00+00,Nominal equity concern,Préoccupation minime en matière d’équité,Neighbourhood Equity Index (NEI) 2019,Indice de l’équité des quartiers (IEQ) 2019, , ,7473.0941987382,2515914.83011634,2515914.82421875,7473.09419873833
88,88,5050161.05,Suburban,Suburbain,Emerald Meadows - Bridgestone Dr,Emerald Meadows - promenade Bridgestone,0.239,76.1,4,5,7,12,Green,{F31879FB-CDB4-410B-90AE-626676B7C228}, ,2021/02/03 00:00:00+00,No equity concern,Aucune préoccupation en matière d’équité,Neighbourhood Equity Index (NEI) 2019,Indice de l’équité des quartiers (IEQ) 2019, , ,7358.82282317426,3166727.28633981,3166727.27734375,7358.82282317487
89,89,5050191.01,Rural,Secteur rural,Manotick Station,Manotick Station,0.285,71.5,7,7,3,11,Light Green,{31317D27-399B-4FD1-86EB-EB53EDD56A82}, ,2021/02/03 00:00:00+00,Nominal equity concern,Préoccupation minime en matière d’équité,Neighbourhood Equity Index (NEI) 2019,Indice de l’équité des quartiers (IEQ) 2019, , ,37583.5543329216,79081694.3062072,79081694.3046875,37583.5543329184
90,90,5050161.06,Suburban,Suburbain,Emerald Meadows - Hope Side Rd,Emerald Meadows - chemin Hope Side,0.273,72.7,7,6,5,10,Light Green,{869B6D91-272C-4567-A298-50332A3B3B0B}, ,2021/02/03 00:00:00+00,Nominal equity concern,Préoccupation minime en matière d’équité,Neighbourhood Equity Index (NEI) 2019,Indice de l’équité des quartiers (IEQ) 2019, , ,11341.6672531974,3928707.72525289,3928707.703125,11341.6672531972
91,91,5050001.01,Urban,Urbain,Ledbury - Albion - Heatherington - Fairlea,Ledbury - Albion - Heatherington - Fairlea,0.523,47.7,14,7,5,2,Red,{8B7A982B-D2E7-4F34-AB18-463CB2BC0448}, ,2021/02/03 00:00:00+00,Strong equity concern,Grande préoccupation en matière d’équité,Neighbourhood Equity Index (NEI) 2019,Indice de l’équité des quartiers (IEQ) 2019, , ,9006.85837067801,4071591.6516328,4071591.64453125,9006.85837068061
92,92,5050062.02,Urban,Urbain,Wateridge Village at Rockcliffe,Village des Riverains à Rockcliffe,0.475,52.5,13,8,1,6,Red,{671FD4EB-9DD2-451B-AE9F-BBF396DE4DE9}, ,2021/02/03 00:00:00+00,Strong equity concern,Grande préoccupation en matière d’équité,Neighbourhood Equity Index (NEI) 2019,Indice de l’équité des quartiers (IEQ) 2019, , ,15137.9785446356,9807880.01246721,9807879.984375,15137.9785446368
93,93,5050120.01,Urban,Urbain,Rothwell Heights,Rothwell Heights,0.264,73.6,5,7,3,13,Green,{23EF38F6-5E1B-4076-9B8E-D7142B7EF881}, ,2021/02/03 00:00:00+00,No equity concern,Aucune préoccupation en matière d’équité,Neighbourhood Equity Index (NEI) 2019,Indice de l’équité des quartiers (IEQ) 2019, , ,8435.54164018436,3237310.31505709,3237310.30078125,8435.54164018517
94,94,5050007.01,Urban,Urbain,Playfair Park,Playfair Park,0.316,68.4,5,6,10,7,Yellow,{6573586A-B2EE-423C-BBD2-8099A6BA146C}, ,2021/02/03 00:00:00+00,Possible equity concern,Préoccupation possible en matière d’équité,Neighbourhood Equity Index (NEI) 2019,Indice de l’équité des quartiers (IEQ) 2019, , ,5849.54235587622,1693205.49062747,1693205.48828125,5849.54235587625
95,95,5050007.02,Urban,Urbain,Heron Gate,Heron Gate,0.609,39.1,16,4,5,3,Red,{F6E63F05-FFDB-4950-A23D-C8E6195818E4}, ,2021/02/03 00:00:00+00,Strong equity concern,Grande préoccupation en matière d’équité,Neighbourhood Equity Index (NEI) 2019,Indice de l’équité des quartiers (IEQ) 2019, , ,5079.76124010066,854654.480900378,854654.484375,5079.76124010164
96,96,5050011.01,Urban,Urbain,East Industrial - Sheffield Glen - Russell Heights,Industrial-Est - Sheffield Glen - Russell Heights,0.413,58.7,11,7,7,3,Red,{A72FB201-CD43-4483-8783-EF1CC7826857}, ,2021/02/03 00:00:00+00,Strong equity concern,Grande préoccupation en matière d’équité,Neighbourhood Equity Index (NEI) 2019,Indice de l’équité des quartiers (IEQ) 2019, , ,19842.0625113915,15903536.5003343,15903536.4726563,19842.0625113937
97,97,5050062.01,Urban,Urbain,Viscount Alexander Park - La Cité,Viscount Alexander Park - La Cité,0.388,61.2,8,12,5,3,Red,{25631118-8C6D-4216-8B1A-9D1F07AD16A8}, ,2021/02/03 00:00:00+00,Strong equity concern,Grande préoccupation en matière d’équité,Neighbourhood Equity Index (NEI) 2019,Indice de l’équité des quartiers (IEQ) 2019, , ,7826.17921275667,3726997.93115471,3726997.93359375,7826.179212755
98,98,5050120.02,Suburban,Suburbain,Beacon Hill North,Beacon Hill-Nord,0.297,70.3,2,10,8,8,Light Green,{1EDD351B-6BAB-4AA8-B319-40F1CE9CC498}, ,2021/02/03 00:00:00+00,Nominal equity concern,Préoccupation minime en matière d’équité,Neighbourhood Equity Index (NEI) 2019,Indice de l’équité des quartiers (IEQ) 2019, , ,37699.4677883191,7802105.73283668,7802105.765625,37699.4677883117
99,99,5050127,Suburban,Suburbain,Uplands - Ottawa Airport,Uplands - Aéroport d’Ottawa,0.356,64.4,7,8,8,4,Red,{409B8280-74FB-42FF-BBE3-644D7EC325A8}, ,2021/02/03 00:00:00+00,Strong equity concern,Grande préoccupation en matière d’équité,Neighbourhood Equity Index (NEI) 2019,Indice de l’équité des quartiers (IEQ) 2019, , ,32920.9051485606,39838697.4836325,39838697.4921875,32920.9051485596
100,100,5050131.01,Urban,Urbain,Borden Farm - Fisher Glen - Red Pine,Borden Farm - Fisher Glen - Red Pine,0.344,65.6,5,9,11,3,Yellow,{3B5BC97D-CD66-4E56-9DF8-FAB76E40A627}, ,2021/02/03 00:00:00+00,Possible equity concern,Préoccupation possible en matière d’équité,Neighbourhood Equity Index (NEI) 2019,Indice de l’équité des quartiers (IEQ) 2019, , ,11250.122801991,3112447.90139145,3112447.91796875,11250.1228019923
101,101,5050131.02,Urban,Urbain,Parkwood Hills,Parkwood Hills,0.361,63.9,6,10,8,4,Red,{AAE03C68-FDEA-4373-B723-B987A94E5A46}, ,2021/02/03 00:00:00+00,Strong equity concern,Grande préoccupation en matière d’équité,Neighbourhood Equity Index (NEI) 2019,Indice de l’équité des quartiers (IEQ) 2019, , ,7127.96551244667,2836193.64625468,2836193.64453125,7127.9655124483
102,102,5050135.01,Urban,Urbain,Craig Henry - Woodvale,Craig-Henry - Woodvale,0.34,66,2,10,11,5,Yellow,{C8ACBE97-7F24-419F-8ABF-19CBF82986C8}, ,2021/02/03 00:00:00+00,Possible equity concern,Préoccupation possible en matière d’équité,Neighbourhood Equity Index (NEI) 2019,Indice de l’équité des quartiers (IEQ) 2019, , ,9144.11826248318,3706046.64497739,3706046.64453125,9144.11826248596
103,103,5050137.02,Urban,Urbain,Bruce Farm - Leslie Park,Bruce Farm - Leslie Park,0.302,69.8,3,10,7,8,Light Green,{1E1F871C-CF7F-42CE-8FFF-4637A0508975}, ,2021/02/03 00:00:00+00,Nominal equity concern,Préoccupation minime en matière d’équité,Neighbourhood Equity Index (NEI) 2019,Indice de l’équité des quartiers (IEQ) 2019, , ,8558.28005479058,1972122.6092383,1972122.61328125,8558.28005479239
104,104,5050137.03,Urban,Urbain,Qualicum - Graham Park,Qualicum - Graham Park,0.159,84.1,3,5,5,15,Green,{7C57A3AD-52A9-4151-BD6E-FF06C37DA8E5}, ,2021/02/03 00:00:00+00,No equity concern,Aucune préoccupation en matière d’équité,Neighbourhood Equity Index (NEI) 2019,Indice de l’équité des quartiers (IEQ) 2019, , ,6324.95180923429,2450670.18066292,2450670.1953125,6324.95180923204
105,105,5050140.01,Greenbelt,Ceinture de verdure,Greenbelt - Greenbank,Ceinture de verdure- Greenbank,0,0,0,0,0,0,No data,{02957B5C-DD42-4864-B8A7-43C6BDADD996}, ,2021/02/03 00:00:00+00,No data,Aucune donnée,Neighbourhood Equity Index (NEI) 2019,Indice de l’équité des quartiers (IEQ) 2019, , ,25012.3907880606,34327632.5222572,34327632.5351563,25012.3907880588
106,106,5050140.03,Suburban,Suburbain,Old Barrhaven East - Fallowfield Rd,Old Barrhaven-Est - chemin Fallowfield,0.272,72.8,1,9,9,9,Light Green,{29EB6555-ECF8-4FBF-960D-D2F86EAA2BE7}, ,2021/02/03 00:00:00+00,Nominal equity concern,Préoccupation minime en matière d’équité,Neighbourhood Equity Index (NEI) 2019,Indice de l’équité des quartiers (IEQ) 2019, , ,6473.59794143972,1637767.63234202,1637767.640625,6473.5979414401
107,107,5050151.03,Rural,Secteur rural,Richmond Village,Village de Richmond,0.309,69.1,7,5,6,7,Yellow,{B0058463-466D-4985-9C3C-C4050779C106}, ,2021/02/03 00:00:00+00,Possible equity concern,Préoccupation possible en matière d’équité,Neighbourhood Equity Index (NEI) 2019,Indice de l’équité des quartiers (IEQ) 2019, , ,22949.8648709563,24730144.2852197,24730144.2773438,22949.8648709554
108,108,5050125.04,Suburban,Suburbain,Chapel Hill North - Willowbark,Chapel Hill-Nord - Willowbark,0.214,78.6,4,5,3,16,Green,{F87621AB-6118-4B92-B6ED-62141AEB4F94}, ,2021/02/03 00:00:00+00,No equity concern,Aucune préoccupation en matière d’équité,Neighbourhood Equity Index (NEI) 2019,Indice de l’équité des quartiers (IEQ) 2019, , ,9310.50450496149,3520922.32250447,3520922.31640625,9310.50450495779
109,109,5050130.01,Urban,Urbain,Merivale Gardens - Grenfell Glen - Pineglen - Country Place - Rideau Heights,Merivale Gardens - Grenfell Glen - Pineglen - Country Place - Rideau Heights,0.252,74.8,8,5,3,12,Green,{ECF48669-312C-4471-80C4-F058E52E67B2}, ,2021/02/03 00:00:00+00,No equity concern,Aucune préoccupation en matière d’équité,Neighbourhood Equity Index (NEI) 2019,Indice de l’équité des quartiers (IEQ) 2019, , ,24252.9732843415,22908035.8027845,22908035.7382813,24252.9732843262
110,110,5050130.02,Urban,Urbain,Tanglewood,Tanglewood,0.331,66.9,5,12,7,4,Yellow,{6540F4DA-9734-4DF2-A432-8A8768EC7B40}, ,2021/02/03 00:00:00+00,Possible equity concern,Préoccupation possible en matière d’équité,Neighbourhood Equity Index (NEI) 2019,Indice de l’équité des quartiers (IEQ) 2019, , ,8182.7554095155,3135845.63908439,3135845.640625,8182.75540951533
111,111,5050135.03,Urban,Urbain,Manordale,Manordale,0.362,63.8,5,10,8,5,Red,{58BA6479-8734-4D53-8109-A8D622FB93D6}, ,2021/02/03 00:00:00+00,Strong equity concern,Grande préoccupation en matière d’équité,Neighbourhood Equity Index (NEI) 2019,Indice de l’équité des quartiers (IEQ) 2019, , ,8616.20090482131,2821213.68349792,2821213.6875,8616.20090481872
112,112,5050136.01,Urban,Urbain,Bells Corners East - Lynwood Village - Arbeatha Park,Bells Corners-Est - Lynwood Village - Arbeatha Park,0.322,67.8,4,11,10,3,Yellow,{4B40A2E0-8835-447A-BE2A-B647C45B24DA}, ,2021/02/03 00:00:00+00,Possible equity concern,Préoccupation possible en matière d’équité,Neighbourhood Equity Index (NEI) 2019,Indice de l’équité des quartiers (IEQ) 2019, , ,10046.7142333783,5194664.43186495,5194664.421875,10046.7142333779
113,113,5050136.02,Urban,Urbain,Bells Corners West - Bellwood - Westcliffe Estates,Bells Corners-Ouest - Bellwood - Westcliffe Estates,0.375,62.5,10,10,6,2,Red,{15CB472D-1D10-4EEC-86A0-9D9702168D95}, ,2021/02/03 00:00:00+00,Strong equity concern,Grande préoccupation en matière d’équité,Neighbourhood Equity Index (NEI) 2019,Indice de l’équité des quartiers (IEQ) 2019, , ,11506.4827257346,4228912.65753169,4228912.65234375,11506.4827257334
114,114,5050171.07,Suburban,Suburbain,Notting Gate North,Notting Gate-Nord,0.279,72.1,3,8,10,7,Light Green,{665B26B5-ACC5-483D-8F8D-ADE295C1FFF7}, ,2021/02/03 00:00:00+00,Nominal equity concern,Préoccupation minime en matière d’équité,Neighbourhood Equity Index (NEI) 2019,Indice de l’équité des quartiers (IEQ) 2019, , ,9801.87203910602,3477584.84981781,3477584.83203125,9801.8720391044
115,115,5050141.13,Suburban,Suburbain,Barrhaven - Heart's Desire,Barrhaven - Heart's Desire,0.306,69.4,4,9,7,7,Yellow,{26DE24BC-F3F6-46C3-8F36-4C41797039CD}, ,2021/02/03 00:00:00+00,Possible equity concern,Préoccupation possible en matière d’équité,Neighbourhood Equity Index (NEI) 2019,Indice de l’équité des quartiers (IEQ) 2019, , ,11721.5776507449,3091862.12242507,3091862.1328125,11721.577650743
116,116,5050141.14,Rural-Greenbelt,Secteur rural – Ceinture de verdure,Greenbelt - Fallowfield,Ceinture de verdure - Fallowfield,0.374,62.6,10,4,7,7,Red,{A55D001D-59E1-44BF-B568-85F6409868D1}, ,2021/02/03 00:00:00+00,Strong equity concern,Grande préoccupation en matière d’équité,Neighbourhood Equity Index (NEI) 2019,Indice de l’équité des quartiers (IEQ) 2019, , ,118968.132031887,223741762.752444,223741762.71875,118968.132031882
117,117,5050126.05,Suburban,Suburbain,Riverside South,Riverside-Sud,0.241,75.9,4,6,9,9,Green,{0C6D165C-288D-4884-ACF5-FF67A290CAD2}, ,2021/02/03 00:00:00+00,No equity concern,Aucune préoccupation en matière d’équité,Neighbourhood Equity Index (NEI) 2019,Indice de l’équité des quartiers (IEQ) 2019, , ,21693.17176318,14801128.8300914,14801128.8359375,21693.1717631768
118,118,5050126.06,Suburban,Suburbain,Riverside South-Spratt Rd - Earl Armstrong Rd,Riverside-Sud - chemin Spratt - chemin Earl-Armstrong,0.265,73.5,7,4,7,9,Green,{809FA1EF-F95D-4CE3-A3A1-C0CC9C095A25}, ,2021/02/03 00:00:00+00,No equity concern,Aucune préoccupation en matière d’équité,Neighbourhood Equity Index (NEI) 2019,Indice de l’équité des quartiers (IEQ) 2019, , ,19134.7508471549,14759509.3937716,14759509.3710938,19134.7508471552
119,119,5050141.12,Suburban,Suburbain,Barrhaven - Chapman Mills,Barrhaven - Chapman Mills,0.348,65.2,8,8,10,2,Yellow,{82E263E6-9AF9-4E6F-966B-4661DEFD10E7}, ,2021/02/03 00:00:00+00,Possible equity concern,Préoccupation possible en matière d’équité,Neighbourhood Equity Index (NEI) 2019,Indice de l’équité des quartiers (IEQ) 2019, , ,16780.1813876306,10133521.6198582,10133521.6171875,16780.1813876305
120,120,5050141.15,Suburban,Suburbain,Barrhaven Southwest - Cederview - Kilbirnie Park,Barrhaven Sud-Ouest - Cederview - parc Kilbirnie,0.286,71.4,7,7,5,9,Light Green,{146FB531-C3CC-4AEB-983A-FC15F304E0FC}, ,2021/02/03 00:00:00+00,Nominal equity concern,Préoccupation minime en matière d’équité,Neighbourhood Equity Index (NEI) 2019,Indice de l’équité des quartiers (IEQ) 2019, , ,30769.9100875622,28366001.2864961,28366001.296875,30769.9100875567
121,121,5050160.02,Suburban,Suburbain,Beaverbrook,Beaverbrook,0.32,68,2,10,8,8,Yellow,{3D2A9D2C-E7F0-4A80-B8EF-8235C2D43238}, ,2021/02/03 00:00:00+00,Possible equity concern,Préoccupation possible en matière d’équité,Neighbourhood Equity Index (NEI) 2019,Indice de l’équité des quartiers (IEQ) 2019, , ,10345.3089089364,5244998.52369544,5244998.51953125,10345.3089089304
122,122,5050160.03,Suburban,Suburbain,Kanata Estates - Goldridge - Arcadia,Kanata Estates - Goldridge - Arcadia,0.279,72.1,8,2,7,10,Light Green,{9CF63001-A51C-4E94-910D-60194F3A0C51}, ,2021/02/03 00:00:00+00,Nominal equity concern,Préoccupation minime en matière d’équité,Neighbourhood Equity Index (NEI) 2019,Indice de l’équité des quartiers (IEQ) 2019, , ,24801.9191667932,22951139.2596761,22951139.2460938,24801.9191667818
123,123,5050170.01,Suburban,Suburbain,Chatelaine Village,Chatelaine Village,0.305,69.5,4,7,12,5,Yellow,{9CF5F23A-D6EC-47BE-9E7B-FC7484F53C1F}, ,2021/02/03 00:00:00+00,Possible equity concern,Préoccupation possible en matière d’équité,Neighbourhood Equity Index (NEI) 2019,Indice de l’équité des quartiers (IEQ) 2019, , ,17177.9222164718,5525128.4417428,5525128.44921875,17177.9222164774
124,124,5050160.1,Suburban,Suburbain,South March - Morgan's Grant,South March - Morgan's Grant,0.269,73.1,5,6,6,11,Green,{D5B0BA04-6A9B-47EE-9774-A6AB5A47040B}, ,2021/02/03 00:00:00+00,No equity concern,Aucune préoccupation en matière d’équité,Neighbourhood Equity Index (NEI) 2019,Indice de l’équité des quartiers (IEQ) 2019, , ,14103.7458496717,8951777.15432982,8951777.15234375,14103.7458496667
125,125,5050160.11,Suburban,Suburbain,South March - Brookside - Briarbrook,South March - Brookside - Briarbrook,0.299,70.1,6,4,8,10,Light Green,{1C94E604-8B8B-4995-8F57-1EC5D1017EE2}, ,2021/02/03 00:00:00+00,Nominal equity concern,Préoccupation minime en matière d’équité,Neighbourhood Equity Index (NEI) 2019,Indice de l’équité des quartiers (IEQ) 2019, , ,16459.0273251994,11466970.9612137,11466970.9804688,16459.027325197
126,126,5050002.01,Urban,Urbain,Riverside Park South,Riverside Park South,0.251,74.9,5,2,8,13,Green,{CAB26B15-2C28-4716-8069-9DEC053039E7}, ,2021/02/03 00:00:00+00,No equity concern,Aucune préoccupation en matière d’équité,Neighbourhood Equity Index (NEI) 2019,Indice de l’équité des quartiers (IEQ) 2019, , ,12938.488761652,5501729.76018262,5501729.7578125,12938.488761651
127,127,5050002.02,Urban,Urbain,Hunt Club West - Owl Park,Hunt Club West - parc Owl,0.318,68.2,4,8,9,7,Yellow,{4E07C003-E9B2-40CE-BDE7-3E57B09BB2B2}, ,2021/02/03 00:00:00+00,Possible equity concern,Préoccupation possible en matière d’équité,Neighbourhood Equity Index (NEI) 2019,Indice de l’équité des quartiers (IEQ) 2019, , ,7327.60708045395,3078420.53028025,3078420.51953125,7327.60708045003
128,128,5050033.02,Urban,Urbain,Westboro - Hampton Park,Westboro - Hampton Park,0.253,74.7,4,10,3,11,Green,{1B98FDE6-71B1-436A-A2C9-D3A89F7258E6}, ,2021/02/03 00:00:00+00,No equity concern,Aucune préoccupation en matière d’équité,Neighbourhood Equity Index (NEI) 2019,Indice de l’équité des quartiers (IEQ) 2019, , ,6575.39884004837,2063695.61231022,2063695.60546875,6575.39884004751
129,129,5050120.03,Urban,Urbain,Rothwell Village - Beaconwood,Rothwell Village - Beaconwood,0.355,64.5,4,12,9,3,Yellow,{F70682C7-2923-471F-987F-36023A8F6196}, ,2021/02/03 00:00:00+00,Possible equity concern,Préoccupation possible en matière d’équité,Neighbourhood Equity Index (NEI) 2019,Indice de l’équité des quartiers (IEQ) 2019, , ,9880.44189016207,3575686.70222739,3575686.7109375,9880.44189016167
130,130,5050121.01,Urban,Urbain,Cardinal Heights,Cardinal Heights,0.333,66.7,3,14,8,3,Yellow,{67EABD13-99C5-4F59-AB6B-6C436957D1AF}, ,2021/02/03 00:00:00+00,Possible equity concern,Préoccupation possible en matière d’équité,Neighbourhood Equity Index (NEI) 2019,Indice de l’équité des quartiers (IEQ) 2019, , ,7346.98506962016,2360927.78363806,2360927.796875,7346.98506962071
131,131,5050121.02,Urban,Urbain,Beacon Hill South,Beacon Hill-Sud,0.394,60.6,9,9,4,6,Red,{49B13896-9FD7-4DE0-8B87-1C8D08FA8756}, ,2021/02/03 00:00:00+00,Strong equity concern,Grande préoccupation en matière d’équité,Neighbourhood Equity Index (NEI) 2019,Indice de l’équité des quartiers (IEQ) 2019, , ,8805.65918992572,2225164.08798048,2225164.078125,8805.65918992184
132,132,5050007.03,Urban,Urbain,Guildwood Estates,Guildwood Estates,0.296,70.4,3,7,11,7,Light Green,{784A9A63-5234-4F67-BDD3-776AE98C8B56}, ,2021/02/03 00:00:00+00,Nominal equity concern,Préoccupation minime en matière d’équité,Neighbourhood Equity Index (NEI) 2019,Indice de l’équité des quartiers (IEQ) 2019, , ,6655.46027169606,2461887.88530431,2461887.8828125,6655.46027169321
133,133,5050020.01,Urban,Urbain,Rideauview - Courtland Park - Experimental Farm - Carleton University,Rideauview - Courtland Park - Ferme expérimentale - Université Carleton,0.429,57.1,10,7,4,7,Red,{CDC9232C-A799-4CCC-B8CF-39FA9DD03F7E}, ,2021/02/03 00:00:00+00,Strong equity concern,Grande préoccupation en matière d’équité,Neighbourhood Equity Index (NEI) 2019,Indice de l’équité des quartiers (IEQ) 2019, , ,16094.618396689,12070434.9036871,12070434.9140625,16094.6183966875
134,134,5050020.02,Urban,Urbain,Carleton Heights,Carleton Heights,0.266,73.4,2,13,6,7,Green,{B29DBA1A-49A2-4F69-BD09-D5972F0699F6}, ,2021/02/03 00:00:00+00,No equity concern,Aucune préoccupation en matière d’équité,Neighbourhood Equity Index (NEI) 2019,Indice de l’équité des quartiers (IEQ) 2019, , ,8129.02182420918,3693025.76731848,3693025.7578125,8129.02182420851
135,135,5050032.01,Urban,Urbain,Woodpark,Woodpark,0.371,62.9,6,11,5,6,Red,{08203F73-2BE3-4E2A-835A-D7EEE5EB5EF7}, ,2021/02/03 00:00:00+00,Strong equity concern,Grande préoccupation en matière d’équité,Neighbourhood Equity Index (NEI) 2019,Indice de l’équité des quartiers (IEQ) 2019, , ,5684.16533723303,1578133.96497112,1578133.96875,5684.16533723321
136,136,5050032.02,Urban,Urbain,Laurentian View - Highland Park,Laurentian View - Highland Park,0.221,77.9,2,7,5,14,Green,{2806E87A-E2DE-43E9-A9A8-4E2DAFAD8FD5}, ,2021/02/03 00:00:00+00,No equity concern,Aucune préoccupation en matière d’équité,Neighbourhood Equity Index (NEI) 2019,Indice de l’équité des quartiers (IEQ) 2019, , ,10166.0809259786,3700987.00788683,3700986.93359375,10166.0809259772
137,137,5050033.01,Urban,Urbain,Westboro - Dovercourt,Westboro - Dovercourt,0.234,76.6,2,10,8,8,Green,{3FE16E70-47B7-4939-9B7E-E8BA317E6122}, ,2021/02/03 00:00:00+00,No equity concern,Aucune préoccupation en matière d’équité,Neighbourhood Equity Index (NEI) 2019,Indice de l’équité des quartiers (IEQ) 2019, , ,6096.39525219256,2143919.49758594,2143919.4921875,6096.39525219127
138,138,5050122.01,Urban,Urbain,Cummings - Cyrville,Cummings - Cyrville,0.501,49.9,15,3,2,8,Red,{8FA71BC3-E85A-4BC6-A0CE-6C86D77DE519}, ,2021/02/03 00:00:00+00,Strong equity concern,Grande préoccupation en matière d’équité,Neighbourhood Equity Index (NEI) 2019,Indice de l’équité des quartiers (IEQ) 2019, , ,6691.93104930989,1808697.50991881,1808697.55859375,6691.931049309
139,139,5050122.02,Urban,Urbain,Pineview - Cyrville,Pineview - Cyrville,0.343,65.7,8,9,7,4,Yellow,{BFF2ECF5-3BC3-4FB3-82FD-45A42088AE01}, ,2021/02/03 00:00:00+00,Possible equity concern,Préoccupation possible en matière d’équité,Neighbourhood Equity Index (NEI) 2019,Indice de l’équité des quartiers (IEQ) 2019, , ,12335.0870738745,7529558.39713758,7529558.3984375,12335.0870738781
140,140,5050123.01,Urban,Urbain,Emerald Woods - Sawmill Creek,Emerald Woods - Sawmill Creek,0.465,53.5,13,6,6,3,Red,{6FE2D7A7-12A5-4B00-A493-1DF323B0CD10}, ,2021/02/03 00:00:00+00,Strong equity concern,Grande préoccupation en matière d’équité,Neighbourhood Equity Index (NEI) 2019,Indice de l’équité des quartiers (IEQ) 2019, , ,8370.59607543191,3690896.12253188,3690896.11328125,8370.59607543203
141,141,5050123.02,Urban,Urbain,Hunt Club Upper - Blossom Park - Timbermill,Hunt Club Upper - Blossom Park - Timbermill,0.325,67.5,3,14,7,4,Yellow,{7271431B-BF0B-4814-82D5-75F45FCFCF36}, ,2021/02/03 00:00:00+00,Possible equity concern,Préoccupation possible en matière d’équité,Neighbourhood Equity Index (NEI) 2019,Indice de l’équité des quartiers (IEQ) 2019, , ,11969.6154636317,8852743.37872327,8852743.39453125,11969.615463635
142,142,5050124.01,Suburban,Suburbain,Convent Glen - Place d'Orléans,Convent Glen - Place d'Orléans,0.314,68.6,7,8,9,4,Yellow,{32F1064F-E163-4796-B184-DC75F4A07921}, ,2021/02/03 00:00:00+00,Possible equity concern,Préoccupation possible en matière d’équité,Neighbourhood Equity Index (NEI) 2019,Indice de l’équité des quartiers (IEQ) 2019, , ,18095.2826209322,6258096.54828422,6258096.5703125,18095.282620932
143,143,5050124.02,Suburban,Suburbain,Queenswood Village,Queenswood Village,0.285,71.5,2,9,8,9,Light Green,{2CC12F82-95F2-4636-8229-5736FBD6D627}, ,2021/02/03 00:00:00+00,Nominal equity concern,Préoccupation minime en matière d’équité,Neighbourhood Equity Index (NEI) 2019,Indice de l’équité des quartiers (IEQ) 2019, , ,8338.78585331981,3457910.47723256,3457910.47265625,8338.78585331977
144,144,5050124.03,Suburban,Suburbain,Hiawatha Park - Voyageurs Park,Hiawatha Park - parc des Voyageurs,0.254,74.6,2,8,6,12,Green,{7A49E5AB-7B9E-4507-BA12-6AFE4650214A}, ,2021/02/03 00:00:00+00,No equity concern,Aucune préoccupation en matière d’équité,Neighbourhood Equity Index (NEI) 2019,Indice de l’équité des quartiers (IEQ) 2019, , ,18597.4781880281,9166504.18677676,9166504.1953125,18597.4781880232
145,145,5050125.01,Suburban,Suburbain,Blackburn Hamlet,Blackburn Hamlet,0.276,72.4,1,13,2,12,Light Green,{8D3123F4-AF85-49E8-8ED8-D57B0600FD4A}, ,2021/02/03 00:00:00+00,Nominal equity concern,Préoccupation minime en matière d’équité,Neighbourhood Equity Index (NEI) 2019,Indice de l’équité des quartiers (IEQ) 2019, , ,8255.21080487236,3071142.18370483,3071142.1953125,8255.2108048738
146,146,5050125.02,Suburban,Suburbain,Blackburn - Innes Park,Blackburn - Innes Park,0.352,64.8,4,14,6,4,Yellow,{3A1BDFF1-77C3-4D87-9F02-032E61222582}, ,2021/02/03 00:00:00+00,Possible equity concern,Préoccupation possible en matière d’équité,Neighbourhood Equity Index (NEI) 2019,Indice de l’équité des quartiers (IEQ) 2019, , ,7967.21545567869,1828852.37818613,1828852.3828125,7967.21545568142
147,147,5050125.03,Greenbelt-Rural,Ceinture de verdure – Secteur rural,Greenbelt - Mer Bleue,Ceinture de verdure - Mer Bleue,0.355,64.5,9,3,6,8,Yellow,{F7A69729-8DC4-4AB6-BED7-D9BED7032577}, ,2021/02/03 00:00:00+00,Possible equity concern,Préoccupation possible en matière d’équité,Neighbourhood Equity Index (NEI) 2019,Indice de l’équité des quartiers (IEQ) 2019, , ,63103.7717926394,120849894.019963,120849893.992188,63103.7717926353
148,148,5050201,Rural,Secteur rural,Manotick-Long Island,Manotick-Long Island,0.288,71.2,5,5,7,11,Light Green,{A00DF114-5393-4DBB-B09F-94CB2EF11F0C}, ,2021/02/03 00:00:00+00,Nominal equity concern,Préoccupation minime en matière d’équité,Neighbourhood Equity Index (NEI) 2019,Indice de l’équité des quartiers (IEQ) 2019, , ,24721.553020554,14756056.7334302,14756056.734375,24721.5530205534
149,149,5050125.05,Suburban,Suburbain,Orléans Village - Chateauneuf North,Village d’Orléans – Châteauneuf-Nord,0.255,74.5,1,6,10,11,Green,{C9A3D192-04C3-4C40-858B-83F3004CDFEF}, ,2021/02/03 00:00:00+00,No equity concern,Aucune préoccupation en matière d’équité,Neighbourhood Equity Index (NEI) 2019,Indice de l’équité des quartiers (IEQ) 2019, , ,9585.10382448001,4033955.55563503,4033955.51171875,9585.10382447973
150,150,5050125.06,Suburban,Suburbain,Chapel Hill South,Chapel Hill-Sud,0.266,73.4,5,9,7,7,Green,{FC913CCB-3063-4C1A-B954-9E5E3455995E}, ,2021/02/03 00:00:00+00,No equity concern,Aucune préoccupation en matière d’équité,Neighbourhood Equity Index (NEI) 2019,Indice de l’équité des quartiers (IEQ) 2019, , ,18785.3084356719,20114298.8364777,20114298.8398438,18785.3084356695
151,151,5050160.04,Suburban,Suburbain,Katimavik - Hazeldean - Kakulu,Katimavik - Hazeldean - Kakulu,0.302,69.8,1,13,11,3,Light Green,{942D28DE-C725-4ECC-9B72-AE0E20368BE2}, ,2021/02/03 00:00:00+00,Nominal equity concern,Préoccupation minime en matière d’équité,Neighbourhood Equity Index (NEI) 2019,Indice de l’équité des quartiers (IEQ) 2019, , ,8020.42603786527,4167137.93317211,4167137.91796875,8020.42603786593
152,152,5050170.03,Suburban,Suburbain,Queenswood Heights North,Queenswood Heights-Nord,0.276,72.4,4,6,8,10,Light Green,{A2C08AA5-50F0-4885-8703-39387F5B6525}, ,2021/02/03 00:00:00+00,Nominal equity concern,Préoccupation minime en matière d’équité,Neighbourhood Equity Index (NEI) 2019,Indice de l’équité des quartiers (IEQ) 2019, , ,7534.21039132062,2794715.2746034,2794715.265625,7534.21039131971
153,153,5050170.04,Suburban,Suburbain,Queenswood Heights - Kinsella Park,Queenswood Heights - parc Kinsella,0.258,74.2,3,7,8,10,Green,{3C2BF1DF-7C14-476F-9257-8B114DFDF894}, ,2021/02/03 00:00:00+00,No equity concern,Aucune préoccupation en matière d’équité,Neighbourhood Equity Index (NEI) 2019,Indice de l’équité des quartiers (IEQ) 2019, , ,6632.81637745106,2729698.14678802,2729698.16796875,6632.81637745519
154,154,5050170.05,Suburban,Suburbain,Queenswood Heights South,Queenswood Heights-Sud,0.273,72.7,3,7,6,11,Light Green,{49957E4F-D45D-4291-BB4A-3D305B6BB58E}, ,2021/02/03 00:00:00+00,Nominal equity concern,Préoccupation minime en matière d’équité,Neighbourhood Equity Index (NEI) 2019,Indice de l’équité des quartiers (IEQ) 2019, , ,6286.03251295643,2017875.89023992,2017875.8828125,6286.03251295583
155,155,5050125.07,Suburban,Suburbain,Chapel Hill North - Beausejour,Chapel Hill-Nord - Beauséjour,0.28,72,2,9,6,11,Light Green,{0F63DD26-3925-4FE8-A737-A343F4CB8B6C}, ,2021/02/03 00:00:00+00,Nominal equity concern,Préoccupation minime en matière d’équité,Neighbourhood Equity Index (NEI) 2019,Indice de l’équité des quartiers (IEQ) 2019, , ,8900.80115984813,3385753.46483131,3385753.44921875,8900.80115984721
156,156,5050160.05,Suburban,Suburbain,Katimavik - Hazeldean - McCurdy,Katimavik - Hazeldean - McCurdy,0.274,72.6,1,10,6,10,Light Green,{8BA1C192-8B53-4DB5-9CD8-22DD038A347D}, ,2021/02/03 00:00:00+00,Nominal equity concern,Préoccupation minime en matière d’équité,Neighbourhood Equity Index (NEI) 2019,Indice de l’équité des quartiers (IEQ) 2019, , ,6419.07793407565,2279833.86624504,2279833.8671875,6419.07793407877
157,157,5050125.09,Suburban,Suburbain,Chapel Hill North - Roy Park,Chapel Hill-Nord - parc Roy,0.337,66.3,4,9,10,4,Yellow,{344553A8-2779-4B7A-8E54-017E979EA14D}, ,2021/02/03 00:00:00+00,Possible equity concern,Préoccupation possible en matière d’équité,Neighbourhood Equity Index (NEI) 2019,Indice de l’équité des quartiers (IEQ) 2019, , ,4827.16293664071,1505328.94353746,1505328.9609375,4827.16293664198
158,158,5050125.08,Suburban,Suburbain,Orléans Village - Chateauneuf South,Village d’Orléans – Châteauneuf-Sud,0.277,72.3,2,9,8,9,Light Green,{7219F501-523A-4C06-AF46-BF0ADDBAA5DF}, ,2021/02/03 00:00:00+00,Nominal equity concern,Préoccupation minime en matière d’équité,Neighbourhood Equity Index (NEI) 2019,Indice de l’équité des quartiers (IEQ) 2019, , ,7538.49779972932,2662814.59572106,2662814.61328125,7538.49779972866
159,159,5050002.04,Urban,Urbain,Riverside Gate,Riverside Gate,0.276,72.4,4,6,4,14,Light Green,{42C239EF-C8F6-4F79-A21F-88BC7007378D}, ,2021/02/03 00:00:00+00,Nominal equity concern,Préoccupation minime en matière d’équité,Neighbourhood Equity Index (NEI) 2019,Indice de l’équité des quartiers (IEQ) 2019, , ,11005.4943764953,2766043.79843568,2766043.82421875,11005.4943764916
160,160,5050160.06,Suburban,Suburbain,Village Green - Centrum,Village Green - Centrum,0.322,67.8,3,13,5,7,Yellow,{EEC844C8-47A7-46DE-B1A6-6690CB829260}, ,2021/02/03 00:00:00+00,Possible equity concern,Préoccupation possible en matière d’équité,Neighbourhood Equity Index (NEI) 2019,Indice de l’équité des quartiers (IEQ) 2019, , ,11169.7528249063,5050553.89953962,5050553.9140625,11169.7528249098
161,161,5050160.07,Suburban,Suburbain,Kanata Lakes,Kanata Lakes,0.261,73.9,5,7,3,13,Green,{025B05CE-01BD-455E-8907-B87175952164}, ,2021/02/03 00:00:00+00,No equity concern,Aucune préoccupation en matière d’équité,Neighbourhood Equity Index (NEI) 2019,Indice de l’équité des quartiers (IEQ) 2019, , ,11712.5171081453,6910301.50296897,6910301.4765625,11712.517108147
162,162,5050140.04,Suburban,Suburbain,Old Barrhaven West - Weybridge,Old Barrhaven-Ouest - Weybridge,0.259,74.1,4,8,7,9,Green,{AA8FE3FB-DC40-4494-A391-1F1C04979C1A}, ,2021/02/03 00:00:00+00,No equity concern,Aucune préoccupation en matière d’équité,Neighbourhood Equity Index (NEI) 2019,Indice de l’équité des quartiers (IEQ) 2019, , ,6589.24638781488,2527111.30086252,2527111.3046875,6589.24638781717
163,163,5050140.05,Suburban,Suburbain,Old Barrhaven West - Houlahan Park - Moloughney Park,Old Barrhaven-Ouest - parc Houlahan - parc Moloughney,0.274,72.6,3,8,7,9,Light Green,{E6AA78CD-3206-4290-AD48-F09581E1475A}, ,2021/02/03 00:00:00+00,Nominal equity concern,Préoccupation minime en matière d’équité,Neighbourhood Equity Index (NEI) 2019,Indice de l’équité des quartiers (IEQ) 2019, , ,8358.83448639858,2270686.99165675,2270686.98046875,8358.83448639674
164,164,5050124.04,Suburban,Suburbain,Jeanne d'Arc Park - Terry Fox Park,Parc Jeanne-d'Arc - parc Terry-Fox,0.275,72.5,2,9,7,10,Light Green,{610B7EA4-6C30-43DB-86C6-46D9FF75CDEB}, ,2021/02/03 00:00:00+00,Nominal equity concern,Préoccupation minime en matière d’équité,Neighbourhood Equity Index (NEI) 2019,Indice de l’équité des quartiers (IEQ) 2019, , ,6426.58198242456,1922108.32999076,1922108.30859375,6426.58198242582
165,165,5050162.01,Suburban,Suburbain,Glen Cairn - Cope Dr - Blackstone,Glen Cairn - promenade Cope - Blackstone,0.294,70.6,5,12,4,7,Light Green,{60B07B45-EA60-4106-9545-58C3B77B2AB9}, ,2021/02/03 00:00:00+00,Nominal equity concern,Préoccupation minime en matière d’équité,Neighbourhood Equity Index (NEI) 2019,Indice de l’équité des quartiers (IEQ) 2019, , ,15523.6935133305,8500244.85440369,8500244.8515625,15523.6935133294
166,166,5050162.02,Suburban,Suburbain,Glen Cairn - Abbottsville Crossing,Glen Cairn - Abbottsville Crossing,0.301,69.9,2,13,7,6,Light Green,{4B1A8CD6-DC53-4DA0-AC5B-9A2977DD634A}, ,2021/02/03 00:00:00+00,Nominal equity concern,Préoccupation minime en matière d’équité,Neighbourhood Equity Index (NEI) 2019,Indice de l’équité des quartiers (IEQ) 2019, , ,8988.3825681998,4507793.80794349,4507793.82421875,8988.38256819817
167,167,5050300,Rural,Secteur rural,Carp - Corkery,Carp - Corkery,0.293,70.7,7,1,10,10,Light Green,{9C60661D-8D4A-495D-8E9D-95BD2ABCACCD}, ,2021/02/03 00:00:00+00,Nominal equity concern,Préoccupation minime en matière d’équité,Neighbourhood Equity Index (NEI) 2019,Indice de l’équité des quartiers (IEQ) 2019, , ,91870.5175703862,527572797.283038,527572797.261719,91870.5175703823
168,168,5050301,Rural,Secteur rural,Kinburn - Galetta - Fitzroy,Kinburn - Galetta - Fitzroy,0.32,68,8,2,7,11,Yellow,{939E3E24-972F-4122-B7F6-6AB95BC21938}, ,2021/02/03 00:00:00+00,Possible equity concern,Préoccupation possible en matière d’équité,Neighbourhood Equity Index (NEI) 2019,Indice de l’équité des quartiers (IEQ) 2019, , ,154237.584194367,526160222.876018,526160223.03125,154237.584194375
169,169,5050302,Rural,Secteur rural,Constance Bay - Dunrobin,Constance Bay - Dunrobin,0.363,63.7,10,4,5,9,Red,{47642E7B-DB3B-4974-9F67-81A3DB01FA29}, ,2021/02/03 00:00:00+00,Strong equity concern,Grande préoccupation en matière d’équité,Neighbourhood Equity Index (NEI) 2019,Indice de l’équité des quartiers (IEQ) 2019, , ,89569.7910092584,228465358.618188,228465358.648438,89569.7910092384
170,170,5050190.02,Rural,Secteur rural,Greely,Greely,0.299,70.1,8,2,10,8,Light Green,{2EC7DEC1-F0F9-424A-91C0-8D2E581B08B1}, ,2021/02/03 00:00:00+00,Nominal equity concern,Préoccupation minime en matière d’équité,Neighbourhood Equity Index (NEI) 2019,Indice de l’équité des quartiers (IEQ) 2019, , ,41850.3986882874,99945101.7606144,99945101.7382813,41850.39868829
171,171,5050122.03,Urban,Urbain,Carson Grove,Carson Grove,0.305,69.5,4,7,12,5,Yellow,{518A4711-C567-4580-8F10-77A4D9205130}, ,2021/02/03 00:00:00+00,Possible equity concern,Préoccupation possible en matière d’équité,Neighbourhood Equity Index (NEI) 2019,Indice de l’équité des quartiers (IEQ) 2019, , ,9898.84614651247,4997710.10020238,4997710.06640625,9898.84614651271
172,172,5050170.08,Suburban,Suburbain,Fallingbrook - Gardenway West,Fallingbrook - Gardenway-Ouest,0.235,76.5,2,6,6,13,Green,{2BC99799-F8F0-481E-8AFD-A4A6369C6E17}, ,2021/02/03 00:00:00+00,No equity concern,Aucune préoccupation en matière d’équité,Neighbourhood Equity Index (NEI) 2019,Indice de l’équité des quartiers (IEQ) 2019, , ,4978.91032901286,1493351.34956779,1493351.34765625,4978.9103290137
173,173,5050170.09,Suburban,Suburbain,Fallingbrook - Charlemagne,Fallingbrook - Charlemagne,0.291,70.9,3,10,8,7,Light Green,{5F2CFACB-441C-4630-B760-71552547080D}, ,2021/02/03 00:00:00+00,Nominal equity concern,Préoccupation minime en matière d’équité,Neighbourhood Equity Index (NEI) 2019,Indice de l’équité des quartiers (IEQ) 2019, , ,6366.08496962799,2582594.54710294,2582594.5390625,6366.08496962899
174,174,5050190.01,Rural,Secteur rural,Metcalfe - Edwards - Vernon,Metcalfe - Edwards - Vernon,0.32,68,8,7,4,9,Yellow,{9A6E3563-5F49-4CFD-A167-05629F9E35FA}, ,2021/02/03 00:00:00+00,Possible equity concern,Préoccupation possible en matière d’équité,Neighbourhood Equity Index (NEI) 2019,Indice de l’équité des quartiers (IEQ) 2019, , ,87449.1992033773,390220304.955563,390220304.945313,87449.1992033772
175,175,5050137.05,Urban,Urbain,Centrepointe,Centrepointe,0.254,74.6,1,8,12,7,Green,{C043D880-A706-4F05-9757-ACE791700737}, ,2021/02/03 00:00:00+00,No equity concern,Aucune préoccupation en matière d’équité,Neighbourhood Equity Index (NEI) 2019,Indice de l’équité des quartiers (IEQ) 2019, , ,8604.34049819202,4189293.27338095,4189293.2578125,8604.34049818844
176,176,5050200.01,Rural,Secteur rural,Marlborough,Marlborough,0.359,64.1,11,2,3,10,Red,{D4B8F108-9722-4E5B-B129-A8C4F1C20AC0}, ,2021/02/03 00:00:00+00,Strong equity concern,Grande préoccupation en matière d’équité,Neighbourhood Equity Index (NEI) 2019,Indice de l’équité des quartiers (IEQ) 2019, , ,109166.802302119,528432748.041461,528432748.105469,109166.80230213
177,177,5050001.04,Urban,Urbain,South Keys,South Keys,0.342,65.8,9,5,9,5,Yellow,{B9972751-C448-4AB5-8E2C-F864BA84B6EA}, ,2021/02/03 00:00:00+00,Possible equity concern,Préoccupation possible en matière d’équité,Neighbourhood Equity Index (NEI) 2019,Indice de l’équité des quartiers (IEQ) 2019, , ,6895.22496371241,2755566.36846151,2755566.36328125,6895.22496370978
178,178,5050001.05,Urban,Urbain,Greenboro,Greenboro,0.342,65.8,5,11,7,5,Yellow,{E9DA02E3-D359-4DBE-A0DB-9DDCEB5651F6}, ,2021/02/03 00:00:00+00,Possible equity concern,Préoccupation possible en matière d’équité,Neighbourhood Equity Index (NEI) 2019,Indice de l’équité des quartiers (IEQ) 2019, , ,10886.5558205993,5470943.2508867,5470943.26953125,10886.5558206012
179,179,5050001.06,Urban,Urbain,Greenboro East - Bruff Park,Greenboro-Est - parc Bruff,0.357,64.3,5,13,7,3,Red,{5CB761FE-37B4-488F-B08B-C1971907AE42}, ,2021/02/03 00:00:00+00,Strong equity concern,Grande préoccupation en matière d’équité,Neighbourhood Equity Index (NEI) 2019,Indice de l’équité des quartiers (IEQ) 2019, , ,8296.94130507474,2540548.16642071,2540548.13671875,8296.94130507418
180,180,5050160.09,Rural,Secteur rural,South March,South March,0.297,70.3,9,4,3,12,Light Green,{33ED7055-1ED6-4EC0-9694-9FC3B695786D}, ,2021/02/03 00:00:00+00,Nominal equity concern,Préoccupation minime en matière d’équité,Neighbourhood Equity Index (NEI) 2019,Indice de l’équité des quartiers (IEQ) 2019, , ,67780.7258379244,183543043.949879,183543044.015625,67780.7258379063
181,181,5050140.07,Suburban,Suburbain,Old Barrhaven West - Mowat Farm Park - Malvern Park,Old Barrhaven-Ouest - parc Mowat Farm - parc Malvern,0.302,69.8,3,8,9,8,Light Green,{A78F6660-CA4C-4A4F-BB97-FCC7B10EFFDB}, ,2021/02/03 00:00:00+00,Nominal equity concern,Préoccupation minime en matière d’équité,Neighbourhood Equity Index (NEI) 2019,Indice de l’équité des quartiers (IEQ) 2019, , ,6743.96543283736,2707163.24667136,2707163.22265625,6743.96543283761
182,182,5050200.02,Rural,Secteur rural,North Gower - Kars,North Gower - Kars,0.287,71.3,8,3,5,12,Light Green,{95E51B54-8329-4570-9395-C374848AAE82}, ,2021/02/03 00:00:00+00,Nominal equity concern,Préoccupation minime en matière d’équité,Neighbourhood Equity Index (NEI) 2019,Indice de l’équité des quartiers (IEQ) 2019, , ,81820.2944465551,287772454.90694,287772454.957031,81820.2944465564
183,183,5050161.03,Suburban,Suburbain,Bridlewood,Bridlewood,0.299,70.1,3,7,10,8,Light Green,{595FF4C8-8B8C-4685-B8AF-2865FDE4D2AF}, ,2021/02/03 00:00:00+00,Nominal equity concern,Préoccupation minime en matière d’équité,Neighbourhood Equity Index (NEI) 2019,Indice de l’équité des quartiers (IEQ) 2019, , ,7738.64700912218,2461952.70985538,2461952.69921875,7738.64700911992
184,184,5050161.04,Suburban,Suburbain,Bridlewood - Steeple Chase Dr,Bridlewood - promenade Steeple Chase,0.266,73.4,4,6,4,14,Green,{024010B8-7FF0-46D5-AFAB-107715F7E0BC}, ,2021/02/03 00:00:00+00,No equity concern,Aucune préoccupation en matière d’équité,Neighbourhood Equity Index (NEI) 2019,Indice de l’équité des quartiers (IEQ) 2019, , ,8248.56664089189,3377331.50095817,3377331.52734375,8248.56664089107
185,185,5050140.06,Suburban,Suburbain,Old Barrhaven West - Fallowfield Rd,Old Barrhaven-Ouest - chemin Fallowfield,0.287,71.3,4,6,6,11,Light Green,{EDD29168-6066-4379-88F6-9139793519A3}, ,2021/02/03 00:00:00+00,Nominal equity concern,Préoccupation minime en matière d’équité,Neighbourhood Equity Index (NEI) 2019,Indice de l’équité des quartiers (IEQ) 2019, , ,7087.33989923687,1448646.97385539,1448646.98828125,7087.33989923775
186,186,5050170.1,Suburban,Suburbain,Fallingbrook - Princess Louise Dr,Fallingbrook - promenade Princess Louise,0.303,69.7,2,8,11,7,Light Green,{EEAC6662-CFD7-45FD-9683-2705880218A1}, ,2021/02/03 00:00:00+00,Nominal equity concern,Préoccupation minime en matière d’équité,Neighbourhood Equity Index (NEI) 2019,Indice de l’équité des quartiers (IEQ) 2019, , ,14300.4580779333,3685554.04391495,3685554.06640625,14300.4580779316
187,187,5050170.11,Suburban,Suburbain,Fallingbrook - Ridgemount,Fallingbrook - Ridgemount,0.255,74.5,3,6,8,10,Green,{B2E48944-BB53-4AFA-91D6-B76A5F54DC09}, ,2021/02/03 00:00:00+00,No equity concern,Aucune préoccupation en matière d’équité,Neighbourhood Equity Index (NEI) 2019,Indice de l’équité des quartiers (IEQ) 2019, , ,7754.85885726021,2699670.5522764,2699670.54296875,7754.85885726073
188,188,5050137.04,Urban,Urbain,Briargreen Park,Parc Briargreen,0.22,78,3,4,5,16,Green,{435B2804-D825-4782-89DB-51095D41E4DB}, ,2021/02/03 00:00:00+00,No equity concern,Aucune préoccupation en matière d’équité,Neighbourhood Equity Index (NEI) 2019,Indice de l’équité des quartiers (IEQ) 2019, , ,5325.60198990686,1798281.44639977,1798281.4609375,5325.60198990797
189,189,5050151.07,Suburban,Suburbain,Stittsville - Jackson Trails - Timbermere Park,Stittsville - Jackson Trails - parc Timbermere,0.284,71.6,8,4,6,10,Light Green,{901F1AAD-71C4-450F-8144-A23D7EB6AB4A}, ,2021/02/03 00:00:00+00,Nominal equity concern,Préoccupation minime en matière d’équité,Neighbourhood Equity Index (NEI) 2019,Indice de l’équité des quartiers (IEQ) 2019, , ,17413.5470263104,9240658.84392789,9240658.88671875,17413.5470263068
190,190,5050151.08,Suburban,Suburbain,Stittsville - Iber Rd - Stanley Corners,Stittsville - chemin Iber - Stanley Corners,0.282,71.8,7,5,8,8,Light Green,{1A86CD87-1D94-46BB-A382-95E291091000}, ,2021/02/03 00:00:00+00,Nominal equity concern,Préoccupation minime en matière d’équité,Neighbourhood Equity Index (NEI) 2019,Indice de l’équité des quartiers (IEQ) 2019, , ,30158.3031552253,26537338.1788799,26537338.1601563,30158.3031552308
191,191,5050151.09,Rural,Secteur rural,Goulbourn,Goulbourn,0.314,68.6,9,2,7,10,Yellow,{61C6936C-A18B-4018-BB80-94E1D0909757}, ,2021/02/03 00:00:00+00,Possible equity concern,Préoccupation possible en matière d’équité,Neighbourhood Equity Index (NEI) 2019,Indice de l’équité des quartiers (IEQ) 2019, , ,110681.580199669,476375853.240545,476375853.28125,110681.580199663
192,192,5050151.04,Suburban,Suburbain,Stittsville - Crossing Bridge,Stittsville - Crossing Bridge,0.259,74.1,5,4,8,11,Green,{D7AD019C-C912-451E-B5F0-D31C3601A519}, ,2021/02/03 00:00:00+00,No equity concern,Aucune préoccupation en matière d’équité,Neighbourhood Equity Index (NEI) 2019,Indice de l’équité des quartiers (IEQ) 2019, , ,10038.1617968483,6125654.81658516,6125654.7890625,10038.1617968533
193,193,5050151.05,Suburban,Suburbain,Stittsville - Amberwood Village,Stittsville - Amberwood Village,0.253,74.7,4,5,6,13,Green,{9D20620B-EAAD-4139-B399-D96B6D638D5B}, ,2021/02/03 00:00:00+00,No equity concern,Aucune préoccupation en matière d’équité,Neighbourhood Equity Index (NEI) 2019,Indice de l’équité des quartiers (IEQ) 2019, , ,8072.33692863979,3471486.19143529,3471486.19921875,8072.33692864349
194,194,5050151.06,Suburban,Suburbain,Stittsville South,Stittsville-Sud,0.268,73.2,5,6,8,9,Green,{0C490DE6-4FB1-4834-B857-CF2D28E7DCBA}, ,2021/02/03 00:00:00+00,No equity concern,Aucune préoccupation en matière d’équité,Neighbourhood Equity Index (NEI) 2019,Indice de l’équité des quartiers (IEQ) 2019, , ,11154.0726413455,6788934.35999322,6788934.3671875,11154.0726413496
195,195,5050002.05,Urban,Urbain,Hunt Club West - Ashgrove - Shearwater Court,Hunt Club West - Ashgrove - Shearwater Court,0.48,52,10,9,5,4,Red,{3D01B00B-CABA-4611-8D49-242DD04A11C4}, ,2021/02/03 00:00:00+00,Strong equity concern,Grande préoccupation en matière d’équité,Neighbourhood Equity Index (NEI) 2019,Indice de l’équité des quartiers (IEQ) 2019, , ,8285.3615099794,2767656.76609177,2767656.80078125,8285.36150998034
196,196,5050002.06,Urban,Urbain,Hunt Club Woods,Hunt Club Woods,0.29,71,3,6,6,13,Light Green,{C6F6AC3E-009B-48FA-9A12-A6933337545B}, ,2021/02/03 00:00:00+00,Nominal equity concern,Préoccupation minime en matière d’équité,Neighbourhood Equity Index (NEI) 2019,Indice de l’équité des quartiers (IEQ) 2019, , ,14909.5901194524,9082806.03674776,9082806.0234375,14909.5901194512
